id,question
job-00001,What is the salary estimate for the Business Analyst position at Memorial Sloan-Kettering?
job-00001,What qualifications are required for the Business Analyst role in the Clinical and Logistics Platform?
job-00002,What is the salary range for the Business Analyst position at Paine Schwartz Partners?
job-00002,What are the main responsibilities of the Business Analyst in relation to data management and reporting?
job-00003,What is the salary range for the Data Analyst position at Asembia?
job-00003,What qualifications are required for the Data Analyst role at Asembia?
job-00004,What is the salary range for the Information Security Analyst position?
job-00004,What are the key responsibilities of the Information Security Analyst in the BD Security Operations group?
job-00005,What is the salary range for the Analyst - FP&A Global Revenue position?
job-00005,What kind of experience is required for this role at Rubicon Project?
job-00006,What is the salary range for the Data Analyst position at Sapphire Digital?
job-00006,"What qualifications are needed for the Data Analyst role, specifically regarding experience and education?"
job-00007,What is the salary estimate for the Investment Analyst position at Swiss Re?
job-00007,What qualifications are required for applicants to the Investment Analyst - Graduate role?
job-00008,What is the salary range for the IT Business Process Analysis position?
job-00008,What qualifications are preferred for the Senior Business Analyst role?
job-00009,What is the salary range for the Tolling Business Analyst position at Gannett Fleming?
job-00009,In which locations is the Tolling Business Analyst role available?
job-00010,What is the salary range for the Business Analyst - Risk position at McKinsey?
job-00010,What qualifications are required for the Business Analyst - Risk position?
job-00011,What is the salary range for the Research Analyst position at PGIM?
job-00011,What qualifications are required for the Research Analyst role in the Strategic Investment Research Group?
job-00012,What is the salary range for the Business Development Analyst position at Red Balloon Security?
job-00012,What educational qualifications are required for the Business Development Analyst role?
job-00013,"What is the salary range for the Senior Analyst, Business Intelligence position at CB Insights?"
job-00013,"What are the key responsibilities of the Senior Analyst, Business Intelligence role?"
job-00014,What is the salary range for the Business Systems Analyst position at Amplify?
job-00014,What are the basic qualifications required for the Business Systems Analyst role?
job-00015,What is the salary range for the Business Analyst position at Efficio?
job-00015,What qualifications are essential for candidates applying for the Business Analyst role?
job-00016,What are the primary responsibilities of the Digital Analyst position at Upfield?
job-00016,What is the salary estimate range for the Digital Analyst role?
job-00017,What is the salary range for the Municipal Structured Products Analyst position?
job-00017,What specific responsibilities will the successful candidate have in the structuring of leveraged municipal Tender Option Bond transactions?
job-00018,What is the salary range for the Senior Business Analyst position?
job-00018,What are the main responsibilities of the Senior Business Analyst at Visiting Nurse Service of New York?
job-00019,What is the salary range for the Business Analyst position at NYSTEC?
job-00019,What qualifications are required for the Business Analyst role?
job-00020,What are the main responsibilities of the Business Intelligence Analyst at Venmo?
job-00020,What is the salary range for the Business Intelligence Analyst position?
job-00021,What are the primary responsibilities of a Business Analyst in the CRM & Analytics team at Jefferies Financial Group Inc.?
job-00021,What is the salary range for the Business Analyst position at Jefferies Financial Group Inc.?
job-00022,What is the salary estimate for the Senior FP&A Analyst position at Payoneer?
job-00022,What are the key responsibilities of the Senior FP&A Analyst at Payoneer?
job-00023,What is the salary range for the Business Analyst position at NBC Universal?
job-00023,What qualifications are required for the Business Analyst role in NBCUniversal's Program Management team?
job-00024,What is the salary estimate for the Business Solutions Analyst position at TEEMA?
job-00024,What are the primary responsibilities of the Business Solutions Analyst in the Console Operations Project?
job-00025,What is the salary estimate for the Data Analyst position at DMGT?
job-00025,What specific responsibilities will the Data Analyst have in relation to commercial data systems?
job-00026,What is the salary range for the Operations Regulatory Control Change Lead Business Analyst position?
job-00026,What are the primary responsibilities of the Operations Regulatory Control Change Lead Business Analyst?
job-00027,What is the salary range for the Senior Data Analyst position at Squarespace?
job-00027,What are the main responsibilities of the Senior Data Analyst within the Insights & Analytics team?
job-00028,What is the salary range for the Business Analyst position at Ellianse?
job-00028,What is the eligibility criteria for training and placement in Business Analysis?
job-00029,What is the salary range for the KYC Business System Analyst position at MUFG?
job-00029,What are the primary responsibilities of the KYC Business System Analyst role?
job-00030,What are the primary responsibilities of the Business Analyst position at iHeartRadio?
job-00030,What is the salary range for the Business Analyst role at iHeartRadio?
job-00031,What is the salary estimate for the Business/Data Analyst position at Two Sigma?
job-00031,What qualifications are required for the Business/Data Analyst role?
job-00032,What are the required qualifications for the Business Analyst position at Crossfire Consulting Corporation?
job-00032,What is the salary range for the Business Analyst position?
job-00033,What is the salary range for the Business Analyst position?
job-00033,In which locations can candidates be located for this job?
job-00034,What is the salary range for the Business Analyst / Project Manager position?
job-00034,What qualifications are required for this role?
job-00035,What is the salary estimate for the Business Analyst position at Wicket Labs?
job-00035,What are the main responsibilities of the Business Analyst at Wicket Labs?
job-00036,What is the salary range for the Business Analyst position at Nasdaq?
job-00036,What are the primary responsibilities of the Business Analyst role in the Product and Business Development team?
job-00037,What are the main responsibilities of the Business Analyst position at Watermark?
job-00037,What is the salary range for the Business Analyst role at Watermark?
job-00038,What is the salary range for the Business Analyst position at LanceSoft Inc?
job-00038,In which city is the Business Analyst position located?
job-00039,What is the salary range for the Business Analyst position?
job-00039,What qualifications are required for the Technical Writer role within the Business Analyst position?
job-00040,What is the salary range for the Integration Business Analyst position at Peloton?
job-00040,What are the main responsibilities of the Integration Business Analyst role at Peloton?
job-00041,What is the salary range for the BSA Analyst III position at The Provident Bank?
job-00041,What essential qualifications are required for a candidate applying for the BSA Analyst III role?
job-00042,What is the salary range for the Business Analysis position at JPMorgan Chase?
job-00042,What qualifications are required for the Business Analyst role in terms of experience and education?
job-00043,What is the salary range for the Business Analyst position at Barclays?
job-00043,"What qualifications are required for the Business Analyst role in Whippany, NJ?"
job-00044,What is the salary range for the Business Analyst position at Riskcare?
job-00044,In which location is the Business Analyst role based?
job-00045,What is the salary range for the Business Analyst position at Atlantic Partners?
job-00045,What type of industry does Atlantic Partners operate in?
job-00046,What is the salary range for the Business Analyst position at FADEL?
job-00046,What are the primary responsibilities of the Business Analyst role at FADEL?
job-00047,What is the salary range for the Business Analyst position?
job-00047,What type of experience is required for this role?
job-00048,What is the salary range for the Business Analyst position at Black Systems LLC?
job-00048,What is the required experience for the Business Analyst role in terms of business analysis and data analysis?
job-00049,What is the salary range for the Business Analyst position at EZOPS?
job-00049,What are the key responsibilities of the Business Analyst role at EZOPS?
job-00050,What is the salary range for the Radiology Systems Analyst position at Memorial Sloan-Kettering?
job-00050,"Where will the Radiology Systems Analyst be required to work, according to the job listing?"
job-00051,What is the salary range for the Business Analyst position at The Alexander Group?
job-00051,What type of degree is preferred for the Business Analyst role?
job-00052,What is the salary estimate for the Business Analyst position?
job-00052,In which location is the Business Analyst position primarily based?
job-00053,What is the salary range for the Business Analyst position at XDuce?
job-00053,What is the primary responsibility of the Business Analyst on the FA Platforms Team?
job-00054,What is the salary range for the Business Analyst position at Citi?
job-00054,What are the primary responsibilities associated with the Business Analyst role?
job-00055,What is the salary estimate for the Business Analyst position at Capstone?
job-00055,In which locations will the Business Analyst collaborate with colleagues?
job-00056,What is the salary range for the Business Analyst position at Atlantic Group?
job-00056,What level of experience is required for the Business Analyst role in terms of years in the investment banking industry?
job-00057,What is the salary estimate for the Business Analyst position at UBS?
job-00057,In what location is the Business Analyst role based?
job-00058,What is the salary estimate for the Application Systems Engineer 4 position at Wells Fargo?
job-00058,What are the key responsibilities of the Application Systems Engineer 4 in terms of analytics and reporting solutions?
job-00059,What is the salary estimate for the Entry Level Analyst position?
job-00059,What qualifications are required for candidates applying for the Entry Level Analyst role?
job-00060,What is the salary estimate for the Market Research & Insights Analyst position?
job-00060,What are the primary responsibilities of the Market Research & Insights Analyst at Healthline?
job-00061,What are the primary responsibilities of the Business Analyst role at Paris Baguette?
job-00061,What is the salary range for the Business Analyst position?
job-00062,What is the salary range for the Ecommerce Business Analyst position at David Yurman?
job-00062,What are the primary responsibilities of the Ecommerce Business Analyst at David Yurman?
job-00063,What is the salary range for the Business Analyst position at Zealogics.com?
job-00063,What are the basic qualifications required for the Business Analyst role in New York?
job-00064,What is the salary range for the Supply Chain Planning Lead position at BD?
job-00064,In which location is the TGS Central Teams Business Partner - Supply Chain Planning Lead position based?
job-00065,What is the salary range for the Business Analyst position at SquarePeg?
job-00065,In which city is the Business Analyst role located?
job-00066,What is the salary range for the Business Analyst position at Blue Ocean Ventures?
job-00066,What are the key responsibilities of the Business Analyst role?
job-00067,What is the salary estimate for the Business Analyst position at JPMorgan Chase?
job-00067,What are the qualifications required for the Business Analyst role?
job-00068,What is the salary range for the Business Analyst position at Sharpedge Solutions Inc?
job-00068,In which location is the Business Analyst role based?
job-00069,What is the salary range for the Business Analyst position at Munich Re?
job-00069,What qualifications are required for the Business Analyst role at Munich Re?
job-00070,What is the salary range for the Business Process Analyst position?
job-00070,What are the primary responsibilities of the Business Process Analyst at The Resource Collaborative?
job-00071,"What is the salary range for the Business Analyst position at The Connors Group, Inc.?"
job-00071,What qualifications are required for the Business Analyst role?
job-00072,What is the salary range for the Business Analyst position at MassMutual?
job-00072,What are the basic qualifications required for the Business Analyst role?
job-00073,What is the salary range for the Business Analyst position at Softcom Systems?
job-00073,What type of experience is preferred for applicants applying to the Business Analyst role?
job-00074,What are the primary responsibilities of the Epic Certified Revenue Cycle Analyst position?
job-00074,What is the salary range for the Epic Certified Revenue Cycle Analyst role?
job-00075,What is the salary range for the Business Analyst position at Delv Global?
job-00075,What type of industry experience is required for candidates applying for the Business Analyst role?
job-00076,What is the salary range for the Business Analyst position at Signature Consultants?
job-00076,What are the primary responsibilities of a Business Analyst at Signature Consultants?
job-00077,What are the main responsibilities of the Business Analyst at Oppenheimer & Co?
job-00077,What is the salary estimate for the Business Analyst position?
job-00078,What is the salary estimate for the Salesforce Business Systems Analyst position at Roku?
job-00078,What qualifications are required for the Salesforce Business Systems Analyst role?
job-00079,What is the salary range for the Senior Business Analyst position at Flipt?
job-00079,What are the basic qualifications required for the Senior Business Analyst role?
job-00080,What is the salary range for the Business Analyst position at United IT Solutions?
job-00080,What type of clients will the Business Analyst be working with?
job-00081,What are the primary responsibilities of the Business Analyst role at ConsultAdd?
job-00081,What is the salary range for the Business Analyst position?
job-00082,What is the salary range for the Business Analyst position?
job-00082,What are the primary responsibilities of the Business Analyst in the FA Platforms Team?
job-00083,What is the salary range for the AVP Markets Execution Business Analyst - Project Manager position at Barclays Bank?
job-00083,Where is the U.S. headquarters of Barclays Bank located?
job-00084,What is the salary range for the Business Analyst position at Veeva Systems?
job-00084,What are the key responsibilities of a Business Analyst at Veeva Systems?
job-00085,"What is the salary range for the Business Analyst position at Neotecra, Inc.?"
job-00085,What key responsibilities does the Business Analyst have related to financial management in IT projects?
job-00086,What is the salary estimate for the Business Analyst - IT position?
job-00086,What qualifications are required for the Business Analyst - IT position?
job-00087,What is the salary range for the Business Analyst position?
job-00087,What are the main responsibilities of the Business Analyst at Eliassen Group?
job-00088,What is the salary range for the Business Analyst position at Oppenheimer & Co. Inc.?
job-00088,What are the primary responsibilities of the Business Analyst as outlined in the job description?
job-00089,What is the salary range for the Business Analyst position?
job-00089,What type of team environment can the candidate expect while working in this role?
job-00090,What is the salary range for the Business Analyst position at Pierce Technology Corp?
job-00090,What specific technologies should candidates be familiar with for the Business Analyst role?
job-00091,What is the salary range for the Business Analyst position at Insigma Inc?
job-00091,Where is the Business Analyst position primarily located?
job-00092,"What is the salary range for the Business Analyst position at Conch Technologies, Inc?"
job-00092,What qualifications are required for the Business Analyst role?
job-00093,What is the salary estimate for the Business Analyst position?
job-00093,Where is the location of the Business Analyst position?
job-00094,What is the salary range for the Business Analyst position at DatamanUSA?
job-00094,What is the required educational qualification for the Business Analyst role?
job-00095,What is the salary range for the Business Systems Analyst position at M&T Bank Corporation?
job-00095,What are the primary responsibilities of a Business Systems Analyst at M&T Bank Corporation?
job-00096,What is the salary range for the Senior Analyst position at Brandwatch?
job-00096,"What qualifications are required for the Senior Analyst, Customer Success Operations role?"
job-00097,What is the salary range for the Business Analyst position at Crescens Inc.?
job-00097,Where is the Business Analyst position located?
job-00098,What is the salary range for the Business Analyst position?
job-00098,In which locations can the Business Analyst position be based?
job-00099,What is the salary estimate for the Business Analyst position at American Modern Insurance Group?
job-00099,What qualifications are required for the Business Analyst role at this company?
job-00100,What is the salary estimate for the Business Analyst position at RMS Computer Corp.?
job-00100,What are the primary responsibilities of the Business Analyst role related to data exchange and quality for NYSIIS?
job-00101,What is the salary range for the Business Analyst position at The Accuro Group?
job-00101,What type of experience is required for the Senior Business Analyst role?
job-00102,What is the salary estimate for the Senior Business Analyst position at Medidata Solutions?
job-00102,What qualifications are required for the Senior Business Analyst role in terms of education and experience?
job-00103,What is the salary range for the Business Analyst position at Ampcus Incorporated?
job-00103,"What type of team structure will the Business Analyst work with, specifically regarding collaboration with other roles?"
job-00104,What are the basic qualifications required for the Business Analyst position at Amazon?
job-00104,"What is the salary estimate for the Business Analyst, Delivery Ops position?"
job-00105,What is the salary range offered for the Technical Business Analyst position?
job-00105,In which location is this Technical Business Analyst contract role based?
job-00106,What is the salary estimate for the Business Data Analyst position?
job-00106,What are the must-have experience requirements for this role?
job-00107,What is the salary range for the Business Analyst position at HUB International?
job-00107,"What qualifications are required for the Business Analyst role, specifically regarding education and experience?"
job-00108,What is the salary estimate for the Business Analyst position at BBR Partners?
job-00108,What responsibilities will the Business Analyst have regarding project documentation and stakeholder management?
job-00109,What is the salary estimate for the Revenue Ops Analyst position at SmartLinx Solutions?
job-00109,What are the main responsibilities of the Revenue Operations Analyst as stated in the job listing?
job-00110,What is the salary estimate for the Business Analyst position at Ross Stores?
job-00110,What are the desired qualifications for the Business Analyst role?
job-00111,What is the salary estimate for the Business Analyst position at Cognizant?
job-00111,In which location is the Business Analyst role based?
job-00112,What is the salary range for the Analyst - Business position at AMC Networks?
job-00112,What are the primary responsibilities of the Analyst - Business role?
job-00113,What is the salary range for the Business Analyst position?
job-00113,What qualifications are required for the Business Analyst role at EDI Staffing?
job-00114,What is the salary range for the Business Analyst position at HSBC?
job-00114,What qualifications are necessary to apply for the Business Analyst position?
job-00115,What is the salary range for the Senior Business Analyst position at Delv?
job-00115,What kind of experience is required for the Senior Business Analyst role?
job-00116,What is the salary range for the Junior Sales Representative position?
job-00116,What type of experience is required for the Junior Sales Representative role?
job-00117,"What is the salary range for the Business Analyst position at TSR Consulting Services, Inc.?"
job-00117,What is the main responsibility of the Business Analyst for the FA Platforms Team?
job-00118,What is the salary estimate for the Business Analyst position at DATA Inc.?
job-00118,In which industry does DATA Inc. operate?
job-00119,What is the salary estimate for the Business Analyst position at zb.io?
job-00119,What are the top three daily responsibilities for the Business Analyst II role?
job-00120,What is the salary estimate for the Business Analyst position?
job-00120,In which city is the Business Analyst position located?
job-00121,What are the main responsibilities of the Retail Analyst position at Sky I.T. Group?
job-00121,What is the salary range for the Business Analyst role in New York?
job-00122,What is the salary range for the Business Analyst position at Apex Systems?
job-00122,What are the main responsibilities of the Quantitative Business Analyst role?
job-00123,What is the salary estimate for the Business Analyst position at L&T Infotech?
job-00123,What specific industry experience is required for the Business Analyst role?
job-00124,What is the salary range for the Senior Business Analyst position at emids?
job-00124,What are the required skills for the Senior Business Analyst role at emids?
job-00125,What is the salary range for the E-Commerce Business Analyst position at Adorama?
job-00125,What experience is required for the E-Commerce Business Analyst role at Adorama?
job-00126,What is the salary range for the Business Analyst position at Wolters Kluwer?
job-00126,What are the primary responsibilities of the Business Analyst as outlined in the job description?
job-00127,What is the salary range for the Business Analyst position at Genesis10?
job-00127,What are the key responsibilities of the Business Analyst in relation to the FA Platforms Team?
job-00128,What is the salary range for the Senior Business Analyst position at SMBC Group?
job-00128,What are the primary responsibilities of the Senior Business Analyst in the ITG team?
job-00129,What is the salary range for the Business Analyst position at Atlas Data Systems?
job-00129,What are the main responsibilities of the Business Analyst as described in the job listing?
job-00130,What is the salary estimate for the Business Systems Analyst position at Prudential?
job-00130,What key responsibilities are associated with the Business Systems Analyst role at Prudential?
job-00131,"What is the salary range for the Business Analyst position at Orpine, Inc.?"
job-00131,What are the main responsibilities of the Business Analyst as described in the job listing?
job-00132,What is the salary range for the Business Analyst position at Sphinix Network Solutions Inc.?
job-00132,What responsibilities are outlined for the Business Analyst role in the job description?
job-00133,What is the salary range for the Business Analyst position at ZDAAS?
job-00133,What are the minimum experience requirements for the Business Analyst role?
job-00134,What is the salary range for the Business Analyst position at TechProjects?
job-00134,What are the required qualifications for the Business Analyst role?
job-00135,What is the salary range for the Business Analyst position at Tata Consultancy Services?
job-00135,What specific industry knowledge is required for the Business Analyst role?
job-00136,What is the salary estimate for the Business Analyst position?
job-00136,What company size does Arch Capital Group Ltd. have?
job-00137,What is the salary range for the Business Analyst position?
job-00137,What are some responsibilities of the Business Analyst role at NJF Global Holdings?
job-00138,What is the salary range for the Business Analyst position at Eclaro?
job-00138,What type of projects will the Business Analyst support in this role?
job-00139,What is the salary range for the Senior Business Analyst position at S&P Global?
job-00139,What are the primary responsibilities of the Senior Business Analyst role?
job-00140,What is the salary range for the Business Analyst position at Guy Carpenter?
job-00140,In which locations can the Business Analyst role be based?
job-00141,What is the salary range for the Business Analyst position at Expedite Technology?
job-00141,In which location is the Business Analyst position based?
job-00142,What is the salary range for the Business Analyst position at Synechron?
job-00142,"What qualifications are required for the Business Analyst role, specifically regarding educational background?"
job-00143,What is the salary range for the Business Analyst position at Municipal Credit Union?
job-00143,"What qualifications are required for the Business Analyst role, specifically in terms of experience?"
job-00144,What is the annual salary range for the Business Analyst position?
job-00144,What type of working visa is acceptable for the Business Analyst role?
job-00145,What is the salary range for the Business Analyst position at Infomatics Corp?
job-00145,What are the required years of experience for candidates applying for the Business Analyst role?
job-00146,What is the salary range for the Senior Business Systems Analyst position at Centene?
job-00146,What are the preferred skills mentioned for the Senior Business Systems Analyst position?
job-00147,What is the salary range for the Business Analyst position?
job-00147,Where is the Business Analyst position located?
job-00148,What is the salary range for the Sr. Business Analyst position at Synechron?
job-00148,What specific industry experience is required for this role?
job-00149,What is the salary estimate for the Senior Data Analyst position?
job-00149,What qualifications and experience are required for this role?
job-00150,What is the salary range for the Business Analyst position at Polished Technologies?
job-00150,What are the primary responsibilities of the Business Analyst as outlined in the job description?
job-00151,What is the salary range for the Data Analyst position?
job-00151,"What type of company is Point72, and where is it headquartered?"
job-00152,What is the salary range for the Business Analyst position?
job-00152,What specific experience is required for the Business Analyst role at Diverse Lynx?
job-00153,What is the salary range for the Senior Business Analyst position at Brown Brothers Harriman?
job-00153,What are the primary responsibilities of the Senior Business Analyst role?
job-00154,What is the salary range for the Business Analyst position?
job-00154,What is the primary industry focus of Tata Consultancy Services?
job-00155,What is the salary range for the Business Analyst position at MLWIZ Team?
job-00155,How many years of relevant work experience are required for this role?
job-00156,"What is the salary range for the Business Analyst position at Iconma, L.L.C.?"
job-00156,What specific software and tools should a candidate be proficient in for this role?
job-00157,What is the salary estimate for the Senior Business Analyst position?
job-00157,Where is the location of the job for the Senior Business Analyst?
job-00158,What is the salary estimate for the Business Analyst position at Babbel?
job-00158,What are the primary responsibilities of the Business Analyst role at Babbel?
job-00159,What is the salary range for the Business Analyst position?
job-00159,What type of experience is required for candidates applying for the Business Analyst role?
job-00160,"What is the salary estimate for the Business Analyst position at Vastek, Inc.?"
job-00160,"What qualifications are required for the Business Analyst role at Vastek, Inc.?"
job-00161,What are the main responsibilities of the Business Systems Analyst position at Recruithook?
job-00161,What is the salary range for the Business Systems Analyst role?
job-00162,What is the salary range for the Business Analyst II position?
job-00162,What are the top three daily responsibilities for the Business Analyst II role?
job-00163,What is the salary range for the Business Analyst position at Synaptein Solutions Inc.?
job-00163,What type of experience is required for the Business Analyst role?
job-00164,What is the salary range for the Business Analyst position at Seven Seven Softwares?
job-00164,What are the key responsibilities of the Technical Business Analyst in this role?
job-00165,What is the salary range for the Business Analyst position?
job-00165,In which department will the Business Analyst be working?
job-00166,What is the salary range for the Business Analyst position at Zenart?
job-00166,What type of experience is required for the Business Analyst role?
job-00167,What is the salary range for the Business Analyst position?
job-00167,What qualifications are required for the Business Analyst role at HHAeXchange?
job-00168,What is the salary range for the Business Analyst position at Green Key Resources?
job-00168,What are the primary responsibilities of a Business Analyst at this company?
job-00169,What is the salary range for the Business Analyst position at V.L.S. Systems?
job-00169,What required skills are necessary for the Business Analyst role in New York City?
job-00170,What is the salary range for the Business Analyst position at Rockstar Games?
job-00170,What are the primary responsibilities of the Business Analyst in Data Governance?
job-00171,What are the primary responsibilities of a Technical Business/Data Analyst at Capgemini?
job-00171,What is the salary range for the Business Analyst position at Capgemini?
job-00172,What is the salary range for the Business Analyst position?
job-00172,What specific responsibilities does the Senior Business Analyst have regarding Business Requirements Documents?
job-00173,What are the key responsibilities of the Senior Business Analyst at The New School?
job-00173,What is the salary estimate range for the Senior Business Analyst position?
job-00174,What is the salary range for the Business Analyst position?
job-00174,What type of work experience is required for this role?
job-00175,What is the salary range for the Business Analyst position at Formosa Plastics Corp.?
job-00175,What are the minimum qualifications required for the Business Analyst role?
job-00176,What is the salary range for the Business Analyst position?
job-00176,What specific responsibilities does the Business Analyst have in the Application LEM program?
job-00177,What is the salary range for the Business Analyst position at Acara Solutions?
job-00177,What are the primary responsibilities of the Business Analyst role in New York City?
job-00178,What is the salary range for the Business Analyst position at Metropolitan Jewish Health System?
job-00178,What specific experience is required for the Business Analyst role in relation to healthcare?
job-00179,What is the salary range for the Business Analyst position at Ann Enterprises Inc?
job-00179,What type of skills and experience are required for the Business Analyst role?
job-00180,What are the primary responsibilities of the IT Business Analyst Intern at Vera Institute of Justice?
job-00180,What is the salary estimate range for the IT Business Analyst Intern position?
job-00181,What is the salary estimate for the Business Analyst position at DedicatedInfra?
job-00181,What are the primary responsibilities of a Business Analyst as described in the job listing?
job-00182,What is the salary estimate for the Business Analyst position?
job-00182,What are the essential responsibilities of the Business Analyst at The Jewish Federations of North America?
job-00183,What is the salary range for the Business Analyst position at Watermark?
job-00183,What are the primary responsibilities of the Business Analyst role?
job-00184,What is the salary range for the Business Analyst position at Talon?
job-00184,What is the work location for the Business Analyst role after the offices open in NYC?
job-00185,What is the salary range for the Senior Analyst position at Geller & Company?
job-00185,What type of educational background is preferred for the Senior Analyst role?
job-00186,What is the salary range for the Commercial Lending Business Analyst position at Finastra?
job-00186,What key responsibilities does the Business Analyst have in relation to product development?
job-00187,What is the salary range for the Business Analyst position at Gate Staffing LLC?
job-00187,What are the primary responsibilities of the Business Analyst as described in the job listing?
job-00188,What is the salary range for the Business Analyst position?
job-00188,What type of team environment is the Business Analyst expected to work in?
job-00189,What is the salary range for the Business Analyst position at PROLIM Global Corporation?
job-00189,What specific experience is required for the Business Analyst role in the Media Domain?
job-00190,What is the salary range for the Business System Analyst position?
job-00190,In which location is the Business System Analyst role based?
job-00191,What is the salary estimate range for the Business Systems Analyst position?
job-00191,In which locations can the Business Systems Analyst position be based?
job-00192,What is the salary estimate for the Business Analyst position at ZT Systems?
job-00192,What qualifications are required for the Business Analyst role?
job-00193,What is the salary range for the Business Analyst position at Data Cloud Merge?
job-00193,What are the primary responsibilities of the Business Analyst role according to the job description?
job-00194,What is the salary range for the Business Analyst position?
job-00194,What specific expertise is required for the Business Analyst role?
job-00195,What is the salary estimate for the Business Analyst position at Saven Technologies Inc.?
job-00195,What are the primary responsibilities of a Business Analyst-Compliance at Saven Technologies Inc.?
job-00196,"What is the salary range for the Senior Analyst, Analytics position?"
job-00196,What types of data analytics tools will the Senior Analyst be expected to use?
job-00197,What is the salary range for the Business Analyst position?
job-00197,What specific tools are required for the Business Analyst role?
job-00198,What is the salary estimate for the Restructuring Advisory Analyst position at Teneo?
job-00198,What are the key responsibilities of the Analyst in the restructuring advisory team?
job-00199,What is the salary estimate for the Digital Analyst position at A Place for Mom?
job-00199,"What qualifications are required for the Digital Analyst role, specifically regarding education and experience?"
job-00200,What is the salary range for the Business Analyst position?
job-00200,What domain experience is required for the Business Analyst role?
job-00201,What is the salary range for the Business Analyst position at Kforce Technology Staffing?
job-00201,"Is the Business Analyst position located in Madison, NJ, or is it available for remote work?"
job-00202,What is the salary range for the Business Systems Analyst position at Softova?
job-00202,What type of educational background is required for this position?
job-00203,What is the salary range for the Entry-Level Recruitment Analyst position?
job-00203,In which industries will the Entry-Level Recruitment Analyst be engaging candidates?
job-00204,What is the salary range for the Senior QA Analyst position at UNIVERSAL Technologies?
job-00204,"What specific testing experience is required for the Senior QA Analyst role, particularly concerning API and Web Services?"
job-00205,What is the salary estimate for the Business Analyst position at ITech Recruiting?
job-00205,"What qualifications are required for the Business Analyst role in Jersey City, NJ?"
job-00206,What is the salary estimate for the Business Analyst (Volunteer) position at WhoWhatWhy?
job-00206,What are the main responsibilities of the Business Analyst (Volunteer) role?
job-00207,What is the salary range for the Business Systems Analyst position at Seven Seven Softwares?
job-00207,What specific experience is required for the Business Systems Analyst role related to data warehouse development?
job-00208,"What is the salary estimate for the IT Business Analyst position at EDP World, Inc.?"
job-00208,"What are the key responsibilities of an IT Business Analyst at EDP World, Inc.?"
job-00209,What is the salary estimate for the Business Analyst position at Robert Half?
job-00209,What type of experience is required for this Business Analyst role?
job-00210,"What is the salary estimate for the Business Analyst position at Staffigo Technical Services, LLC?"
job-00210,What qualifications are required for the Business Analyst role?
job-00211,What is the salary range for the Agile Business Analyst position at Cquest?
job-00211,What qualifications are required for the Agile Business Analyst role at Cquest?
job-00212,What is the salary range for the Business Analyst position?
job-00212,What type of organization is seeking to hire the Business Analyst?
job-00213,What is the salary range for the Business Analyst position at MVP Consulting Plus Inc?
job-00213,In which city is the Business Analyst position located?
job-00214,What is the salary range for the Business Analyst position?
job-00214,What are the main responsibilities of the IT business analyst in this role?
job-00215,What is the salary range for the Business Analyst position?
job-00215,What specific experience is required in the Capital Markets Finance domain?
job-00216,What is the salary range for the Business Analyst/Coordinator position at TEKsystems?
job-00216,What are the main responsibilities of the Business Analyst/Coordinator role as it relates to the call center buildout?
job-00217,"What are the main responsibilities of a Business Analyst at eiWorkflow Solutions, LLC?"
job-00217,What is the salary range for the Business Analyst position?
job-00218,What is the salary range for the Senior Business Analyst position?
job-00218,What qualifications are preferred for the Senior Business Analyst role?
job-00219,What is the salary range for the Business Analyst position at APN Software Services Inc.?
job-00219,What are the key responsibilities of the Business Analyst role?
job-00220,"What is the salary range for the Business Analyst position at Cyberthink, Inc?"
job-00220,What language proficiency is required for the Business Analyst role?
job-00221,What is the salary range for the Business Analyst/Capital Markets position at InfoSmart Technologies Inc?
job-00221,What are the required years of experience for the Business Analyst/Capital Markets role?
job-00222,What is the salary range for the Business Analyst position at Synechron?
job-00222,What specific industry experience is preferred for this role?
job-00223,What is the salary range for the Business Analyst position?
job-00223,Where is the location of the company for the Business Analyst role?
job-00224,What is the salary range for the Product Management Analyst position?
job-00224,What are the primary responsibilities of the Product Management Analyst at Comscore?
job-00225,What is the salary range for the Business Analyst position at STAND 8 Technology Services?
job-00225,"In which location will the Business Analyst work, based on the job listing?"
job-00226,What is the salary range for the Product Analyst position at Plymouth Rock Assurance?
job-00226,Where is the Plymouth Rock Assurance company located?
job-00227,What is the salary range for the Business System Analyst position at ITBMS Inc.?
job-00227,What qualifications and experience are required for the Business System Analyst role?
job-00228,What is the salary range for the Business Analyst position at Frontend Arts?
job-00228,What type of experience is required for the Business Analyst role?
job-00229,What is the salary range for the Business Analyst position?
job-00229,What key experience or skills are required for the Business Analyst role at MDMS Recruiting?
job-00230,What is the salary estimate for the Business Analyst position?
job-00230,What qualifications are required for the Business Analyst role?
job-00231,What is the salary estimate for the System/Business Analyst position?
job-00231,What qualifications are required for candidates applying to this position?
job-00232,What are the key responsibilities of the Axiom Developer/Business Analyst position at The Goodkind Group?
job-00232,What is the salary range for the Axiom Developer/Business Analyst position?
job-00233,What is the salary estimate for the Oracle BI Business System Analyst position?
job-00233,What level of experience is required for this role?
job-00234,What is the salary estimate for the Business Analyst position at Pinkus Partners?
job-00234,What are the primary responsibilities associated with the Salesforce Business Analyst role?
job-00235,What is the salary range for the Business Systems Analyst position at Apex Systems?
job-00235,In which location is the Business Analyst role based?
job-00236,What is the salary range for the Systems Support Analyst 5 position?
job-00236,What are the primary responsibilities of the Systems Support Analyst 5 at Wells Fargo?
job-00237,What is the salary range for the Senior Business Analyst position?
job-00237,What qualifications are preferred for the Senior Business Analyst role?
job-00238,What is the salary range for the Business Analyst position?
job-00238,What qualifications are required for the IT Business Analyst role?
job-00239,What is the salary range for the Technical Business Analyst position at VLink Inc.?
job-00239,What are the main responsibilities of a Technical Business Analyst as outlined in the job description?
job-00240,What are the primary responsibilities of the Contract Consultant Business Analyst position?
job-00240,What is the salary range for the Contract Consultant Business Analyst role at Gambit Technologies Inc?
job-00241,What is the salary estimate for the Project Manager/Business Analyst position?
job-00241,What qualifications are required for the Office of the CAO position within Citadel?
job-00242,What is the salary range for the Data Business Analyst position at Genuent?
job-00242,Where is the Business Analyst position located for Genuent?
job-00243,What is the salary estimate range for the Technical Business Analyst position?
job-00243,What are the primary responsibilities of the Technical Business Analyst in the Agile initiatives?
job-00244,What is the salary range for the Data Analyst position at NYU Langone Health?
job-00244,What qualifications are required for the Data Analyst role at NYU Grossman School of Medicine?
job-00245,What is the salary range offered for the Independent Business Analyst position?
job-00245,What are the main responsibilities of the Independent Business Analyst at Firmus?
job-00246,What is the salary range for the Business Analyst position at Incipient Corp.?
job-00246,Is remote work an option for the Business Analyst role at Incipient Corp.?
job-00247,What is the salary range for the Business Analyst III position?
job-00247,What are the primary responsibilities of the Business Analyst in this role?
job-00248,What is the salary range for the Business Analyst position at Gain America?
job-00248,What specific responsibilities does the Business Analyst role entail at Gain America?
job-00249,What is the salary range for the Technical Business Analyst position at GroupM?
job-00249,What type of projects will the Technical Business Analyst be responsible for managing?
job-00250,What is the salary range for the Business Technology Analyst position at Point72?
job-00250,What educational background is preferred for candidates applying for the Business Technology Analyst role?
job-00251,What is the salary estimate for the Summer Analyst opportunity in the Global Finance & Business Management Analyst Program?
job-00251,What locations are available for placement in this internship program?
job-00252,What is the salary range for the Business Analyst II position at Genesis10?
job-00252,What qualifications are required for the Business Analyst II role?
job-00253,What qualifications are required for the Data Analyst position?
job-00253,What is the salary range for the Data Analyst role at Montefiore Medical?
job-00254,What is the salary range for the Business & Process Mining Analyst position at Atlantic Partners?
job-00254,What specific responsibilities will I have in this role regarding process mining and business process improvement?
job-00255,What is the salary range for the BI Analyst position at Genuent?
job-00255,What are the minimum experience requirements for the BI Analyst role?
job-00256,What is the salary range for the Business & Process Transformation Analyst position?
job-00256,What specific responsibilities will the analyst have in terms of process transformation and data architecture?
job-00257,What is the salary estimate for the Business Analyst position at TECHNOCRAFT Solutions?
job-00257,What responsibilities will the Business Analyst have related to GIS projects?
job-00258,What is the salary estimate for the Senior Project Manager/Business Analyst position at Hachette Book Group USA?
job-00258,What are the primary responsibilities of the Senior Project Manager/Business Analyst in the Product Management team?
job-00259,What are the main responsibilities of the Senior Business Analyst position at SMBC?
job-00259,What is the salary range for the Senior Business Analyst position?
job-00260,What is the salary range for the Business Analyst III position?
job-00260,What type of company is Horizon Blue Cross Blue Shield of New Jersey?
job-00261,What is the salary range for the Business Development position at Second Measure?
job-00261,What type of network is required for the candidate applying for the Business Development role?
job-00262,What is the salary range for the Business Intelligence Analyst position at Mini-Circuits?
job-00262,What are the primary responsibilities of the Business Intelligence Analyst at Mini-Circuits?
job-00263,What is the salary range for the Business Data Analyst position?
job-00263,What industry does Cortex consultants LLC operate in?
job-00264,What is the salary range for the Business Analyst/Data Analyst position?
job-00264,What kind of experience is required for the position related to process transformation and automation solutions?
job-00265,What is the salary range for the Regulatory Business Analyst position?
job-00265,What are the primary responsibilities of the Business Analyst in this role?
job-00266,What is the salary estimate for the Business Intelligence Analyst position?
job-00266,In which city is The Connors Group located?
job-00267,What is the salary range for the Business Analyst position at PJT Camberview?
job-00267,What are the key responsibilities of the Business Analyst role at PJT Camberview?
job-00268,What is the salary range for the Business & Process Transformation Analyst position at Zen & Art?
job-00268,What are the key responsibilities of the Business & Process Transformation Analyst in relation to business process optimization?
job-00269,What is the salary estimate for the Enterprise Support Business Analyst position?
job-00269,What specific experience is required for the Business Analyst role in terms of years and relevant sectors?
job-00270,What is the salary range for the Software Business Analyst/Software Project Manager position?
job-00270,What are the primary responsibilities associated with this role?
job-00271,What is the salary estimate for the Business Systems Analyst position?
job-00271,What educational qualifications are required for the Business Systems Analyst role?
job-00272,What is the salary estimate for the Agile Business Analyst position?
job-00272,What are the minimum qualifications required for this role?
job-00273,What is the salary range for the Trading Desk Business Analyst position at Oppenheimer & Co. Inc.?
job-00273,What are the primary responsibilities of the Business Analyst related to daily CAT reporting?
job-00274,What is the salary range for the Business Systems Analyst position?
job-00274,What specific experience is required for applicants to this role?
job-00275,What is the salary range for the Business Analyst/PM position at Black Systems LLC?
job-00275,What are the minimum experience requirements for the Business Analyst/PM role?
job-00276,What is the salary estimate for the Business Systems Analyst position at Futran Solutions Inc?
job-00276,What qualifications are required for the Business Systems Analyst role?
job-00277,What is the salary estimate for the Sales Operations Analyst Intern position?
job-00277,What types of educational background are preferred for candidates applying for this internship?
job-00278,What is the salary range for the Trading Desk Business Analyst position at Oppenheimer & Co.?
job-00278,What are the primary responsibilities of the Business Analyst regarding daily CAT Reporting?
job-00279,What is the salary estimate for the Salesforce Business Analyst position at WinterWyman?
job-00279,What are the primary responsibilities of the Salesforce Business Analyst in managing technical support requests?
job-00280,What is the salary range for the Data Analyst position at Teachers Pay Teachers?
job-00280,What are the main responsibilities of the Data Analyst role?
job-00281,What is the salary range for the Business Process Analyst position?
job-00281,"Is the position remote, and will it eventually require being on site in NYC?"
job-00282,What is the salary estimate for the Senior Business Analyst position at Ross Stores?
job-00282,What are the primary responsibilities of the Senior Business Analyst in the Master Data Office?
job-00283,What is the salary range for the HR Business Analyst position?
job-00283,Which company is offering the HR Business Analyst position and what is its industry?
job-00284,What is the salary range for the Senior Business Analyst position at Talium Advisors?
job-00284,What type of expertise is preferred for candidates applying for the Senior Business Analyst role?
job-00285,What is the salary range for the Business Intelligence Analyst position?
job-00285,What qualifications are required for the Business Intelligence Analyst role?
job-00286,What is the salary range offered for the Business Analyst/Project Manager position?
job-00286,What location is specified for the Business Analyst/Project Manager role?
job-00287,What is the salary range for the Technology Business Analyst position at Prospect Infosys?
job-00287,In which location is the Technology Business Analyst role based?
job-00288,What is the salary range for the Business Analyst position at CentralReach?
job-00288,What qualifications are required for the Business Analyst role?
job-00289,What is the salary estimate for the Sr. Business Analyst position at Synechron?
job-00289,What minimum experience is required for the Sr. Business Analyst role?
job-00290,What is the salary estimate for the Business Analyst Member Support position at Peloton?
job-00290,What are the basic job requirements for the Business Analyst Member Support role?
job-00291,What is the salary range for the IT Business Analyst position?
job-00291,What qualifications are required for the IT Business Analyst role?
job-00292,What is the salary range for the Business Analyst II position at Apex Systems?
job-00292,What qualifications are required for the Business Analyst role in terms of experience and skills?
job-00293,"What is the salary estimate for the Analyst, Business Process Outsourcing position?"
job-00293,"What qualifications are required for the Analyst, Business Process Outsourcing role?"
job-00294,What is the salary estimate for the Building Systems Analyst position at Steven Winter Associates?
job-00294,What are the primary responsibilities of a Building Systems Analyst at Steven Winter Associates?
job-00295,What is the salary range for the Senior Business Analyst position at Bessemer Trust?
job-00295,What qualifications are required for the Senior Business Analyst role?
job-00296,What is the salary range for the Solutions Analyst position?
job-00296,What are the primary responsibilities of the Solutions Analyst at Vitech Systems Group?
job-00297,What is the salary range for the Senior Business Analyst position?
job-00297,What types of coding skills are required for the Senior Business Analyst role?
job-00298,What is the salary range for the Salesforce Business Analyst position?
job-00298,What is the work arrangement for this job?
job-00299,What are the primary responsibilities of the Business Intelligence Analyst at the Smithsonian Channel?
job-00299,What is the salary estimate for the Business Intelligence Analyst position?
job-00300,What is the salary range for the Business Analyst Expert position?
job-00300,Where is the physical work office for the Business Analyst Expert position located?
job-00301,What is the salary estimate for the Senior Business Analyst position at PLATTS?
job-00301,What are the essential responsibilities of the Senior Business Analyst role?
job-00302,What is the salary range for the Business Intelligence Analyst position at Advance Generation Technologies?
job-00302,What level of experience is required for the Business Intelligence Analyst role?
job-00303,What is the salary range for the Salesforce Administrator/ Business Analyst position at IBM?
job-00303,What are the main responsibilities associated with the Salesforce Administrator role at IBM?
job-00304,What is the salary estimate for the IT Business Systems Analyst position at EDI Staffing?
job-00304,What qualifications are required for the IT Business Systems Analyst role?
job-00305,What is the salary range for the Salesforce Business Analyst position?
job-00305,Where is the company's office located after the remote phase?
job-00306,What is the salary range for the Senior Business Analyst/Project Manager position?
job-00306,What are the main responsibilities of the candidate in this role?
job-00307,What is the salary range for the Senior Business Analyst position at Plymouth Rock Assurance?
job-00307,What qualifications are required for the Senior Business Analyst role?
job-00308,What is the salary range for the Scrum Team Business Analysts position?
job-00308,In which city is the Scrum Team Business Analysts position located?
job-00309,What is the salary range for the Risk Management & Capital Adequacy Technical Business Analyst position?
job-00309,What are the minimum qualifications required for this job?
job-00310,"What is the salary range for the Technical Business Analyst position at SolGenie Technologies, Inc.?"
job-00310,What are the primary responsibilities of the Technical Business Analyst in this role?
job-00311,What is the salary range for the MS Dynamics CRM Business Analyst position at Spruce Technology Inc.?
job-00311,What are the minimum experience requirements for the MS Dynamics CRM Business Analyst role?
job-00312,What is the salary range for the Business Analyst position at EY?
job-00312,What are the minimum educational and experience requirements for this position?
job-00313,What is the salary range for the Business Intelligence Analyst position at AllianceBernstein?
job-00313,What qualifications are preferred for candidates applying for this role?
job-00314,What is the salary estimate for the Business System Analyst position?
job-00314,What are the key responsibilities associated with the Business System Analyst role?
job-00315,"What is the salary range for the Business Analyst, Margin position?"
job-00315,What are the responsibilities related to the margin platform for this role?
job-00316,What is the salary range for the Business Analyst position at Citi?
job-00316,What qualifications are required for the Business Analyst - AVP - ICG Analytics role?
job-00317,What is the salary range for the Business Systems Analyst position at Business Monitor International?
job-00317,What qualifications are required for the Business Systems Analyst role?
job-00318,What is the salary range for the Senior Business Analyst position at Katalyst Technologies Inc.?
job-00318,What are the core areas of expertise that Katalyst Technologies focuses on?
job-00319,What is the salary range for the Senior Business Analyst position at Lorven Technologies Inc?
job-00319,What type of experience is required for the Senior Business Analyst role in terms of industry focus?
job-00320,What is the salary range for the IT Business Analyst position at Al Dahra Holding LLC?
job-00320,In which location is the IT Business Analyst position based?
job-00321,What is the salary range for the Tolling Business Analyst position?
job-00321,What are the minimum qualifications required for this role?
job-00322,What is the salary estimate for the Analyst position at Edmunds.com?
job-00322,What qualifications are required for the Analyst role at Edmunds.com?
job-00323,What is the salary estimate for the Pricing Analyst position at NEXT Trucking?
job-00323,What are some of the primary responsibilities of a Pricing Analyst at NEXT Trucking?
job-00324,What is the salary range for the Product Analyst position at Age of Learning?
job-00324,What are the main responsibilities of the Product Analyst role?
job-00325,What is the salary range for the Analyst position at Urban Science?
job-00325,What technical skills are required for the Analyst role in University Recruiting?
job-00326,What is the salary estimate for the Business Manager position?
job-00326,What are the essential duties and job functions for the Business Manager role at Allied Home LLC?
job-00327,What are the main responsibilities of the Graveyard Shift GSOC Analyst position?
job-00327,What is the salary range for the Graveyard Shift GSOC Analyst at Paramount Pictures?
job-00328,What is the salary estimate for the Business Intelligence Analyst position at NEXT Trucking?
job-00328,What qualifications are required for the Business Intelligence Analyst role?
job-00329,What is the salary range for the Management Analyst I - Global Trade position?
job-00329,What are the initial responsibilities of this Management Analyst position?
job-00330,What is the salary estimate for the Business Analyst position at TikTok?
job-00330,What are the key responsibilities of the Business Analyst role in the Tools & Reporting team?
job-00331,What is the salary estimate for the Business Analyst position at Motion Picture Industry Pension & Health Plans?
job-00331,What are the qualifications required for the Business Analyst role?
job-00332,What is the salary range for the Business Manager position at Johnsonville Sausage?
job-00332,"What responsibilities will the Business Manager have in the Southern California, Arizona, and Las Vegas markets?"
job-00333,What is the salary estimate for the Principal Business Analyst position at Socalgas?
job-00333,What are the primary responsibilities of the Principal Business Analyst at Socalgas?
job-00334,What is the salary range for the Business Manager position at Laser Land?
job-00334,What are the required qualifications for applicants seeking the Business Manager role?
job-00335,What is the salary range for the Senior Analyst position at Spin Master?
job-00335,What are the primary responsibilities of the Senior Analyst role at Spin Master?
job-00336,What is the salary range for the Business Analyst position at Prosum?
job-00336,What are the primary responsibilities of the Business Analyst at Prosum?
job-00337,What is the salary estimate for the Sr. Business Analyst position at Sony Playstation Network?
job-00337,What are the main responsibilities of the Sr. Business Analyst role?
job-00338,What is the salary estimate for the Associate Business Analyst position at Flexon Technologies?
job-00338,What are the primary responsibilities of an entry-level business analyst at Flexon Technologies?
job-00339,What is the salary range for the Business Analyst position at Dell?
job-00339,In which city is the Business Analyst position located?
job-00340,What is the salary estimate for the Product Data Analyst position at Stamps.com?
job-00340,What are the primary objectives of the Product Data Analyst role?
job-00341,What is the salary estimate for the Entry Level Business Analyst position?
job-00341,What qualifications are required for the Junior Business Systems Analyst role?
job-00342,What is the salary range for the Business Analyst position at Unico American Corporation?
job-00342,What are the required qualifications for the Business Analyst role?
job-00343,What is the salary estimate for the Reports Analyst position at LoanMe?
job-00343,What are the primary responsibilities of the Reports Analyst?
job-00344,What is the salary range for the Business Data Analyst position?
job-00344,What specific skills and experiences should be highlighted on the resume for this position?
job-00345,What is the salary estimate for the Jr. Business Development Analyst Intern position?
job-00345,What are the primary responsibilities of the Jr. Business Development Analyst Intern?
job-00346,What is the salary range for the Business Analyst position at Evolent Health?
job-00346,What are the main responsibilities of the Business Analyst at Evolent Health?
job-00347,What is the salary range for the Business Analyst position at Dolphin?
job-00347,What type of industry does Dolphin operate in?
job-00348,What is the salary range for the Senior Business Analyst position at Apollo Global Management?
job-00348,What type of qualifications and experience are required for the Senior Business Analyst role?
job-00349,What is the salary estimate for the Business Operations Analyst position at Flowspace?
job-00349,What qualifications are required for the Business Operations Analyst role?
job-00350,What is the salary range for the Business Analyst position at FADEL?
job-00350,What are the desired skills and experience required for this role?
job-00351,What is the salary range for the Business Analyst position?
job-00351,What is the required experience in the Media & Entertainment industry for this role?
job-00352,What is the salary range for the Sales Finance Analyst position at Reddit?
job-00352,What are the primary responsibilities of the Sales Finance Analyst at Reddit?
job-00353,What is the salary range for the Business Analyst position at Odesus?
job-00353,What responsibilities does the Business Analyst role include related to data privacy regulations?
job-00354,What is the salary range for the Business Analyst position at Transom Consulting Group?
job-00354,In which location is the Business Analyst position based?
job-00355,What is the salary range for the Business Analyst position at Cenergy?
job-00355,In which location is the Business Analyst role based?
job-00356,What is the salary estimate range for the Business Analyst position?
job-00356,What are the key responsibilities of the Project Analyst Consultant role?
job-00357,What is the salary range for the Business Analyst position at Park Computer Systems Inc?
job-00357,What are the key responsibilities of the Business Analyst role in relation to the Product Management team?
job-00358,"What is the salary estimate for the Analyst, Business position at Molina Healthcare?"
job-00358,"What qualifications are required for the Analyst, Business role at Molina Healthcare?"
job-00359,What is the salary range for the Business Analyst position at Intelliswift Software Inc?
job-00359,What responsibilities does the Business Analyst have in relation to the Product Management team?
job-00360,What is the salary range for the Business Analyst position at SCOM?
job-00360,What industry does SCOM operate in?
job-00361,What is the salary range for the Business Intelligence Analyst position at Revolve?
job-00361,What specific software and tools are required for the Business Intelligence Analyst role?
job-00362,What is the salary range for the Business Systems Analyst position?
job-00362,What qualifications are required for the Business Systems Analyst position?
job-00363,What is the salary range for the Business Analyst position at Honda?
job-00363,What degree or qualifications are required for the Business Analyst role?
job-00364,What is the salary range for the Business Analyst - Trainee position?
job-00364,"Where is Staffigo Technical Services, LLC located?"
job-00365,What is the salary range for the Business Marketing Analyst position at Warp2Biz?
job-00365,What are the primary responsibilities of the Business Marketing Analyst role?
job-00366,What is the salary range for the Business Analyst position at Cenergy International?
job-00366,What are the minimum qualifications required for the Business Analyst role?
job-00367,What is the salary range for the Business Intelligence Analyst position at Ad.net?
job-00367,What are the key responsibilities of the Business Intelligence Analyst role?
job-00368,What is the salary estimate for the Business Intelligence Analyst position?
job-00368,Where is Calsoft Labs headquartered?
job-00369,What is the salary estimate for the Business Analyst position at TEKsystems?
job-00369,What is the location of the Business Analyst job at TEKsystems?
job-00370,What is the salary range for the Business Analyst position at Delta Computer Consulting Inc?
job-00370,What are the primary responsibilities of the Business Analyst related to project management?
job-00371,What is the salary range for the Business Analyst position?
job-00371,"What are the primary responsibilities of the Business Analyst role at Ames IT and Numeric Solutions, LLC?"
job-00372,What is the salary range for the Analyst position at WB Digital Networks?
job-00372,In which industry does the WB Digital Networks operate?
job-00373,What is the salary estimate for the Business Intelligence Analyst position?
job-00373,What qualifications are required for the Business Intelligence Analyst role?
job-00374,What is the salary range for the Consumer Insights Analyst position at King's Hawaiian?
job-00374,What qualifications are required for the Consumer Insights Analyst role?
job-00375,What is the salary range for the Business Analyst position at Kforce?
job-00375,In which location is the Business Analyst job at Kforce based?
job-00376,What experience is required for the Business Analyst position at PROLIM Global Corporation?
job-00376,What is the salary estimate for the Business Analyst role?
job-00377,"What are the primary responsibilities of the Analyst position at Regent, L.P.?"
job-00377,"What is the salary range for the Analyst position listed by Regent, L.P.?"
job-00378,What are the key responsibilities of the Marketing Analyst role at Jam City?
job-00378,What is the salary estimate range for the Marketing Analyst position?
job-00379,What is the salary range for the Business Analyst position at Eleven Recruiting - CHURN?
job-00379,What are the primary responsibilities of the Business Analyst role?
job-00380,What is the salary range for the Business Analyst - Contractor Specialist position?
job-00380,"What type of work environment does the Business Analyst role require, specifically regarding Labor/Management Partnership?"
job-00381,What is the salary estimate for the Sr. SaaS Business Analyst position at VMware?
job-00381,What type of experience is required for the Sr. SaaS Business Analyst role?
job-00382,What is the salary range for the CRM Business Analyst position at Centaurus Technology Partners?
job-00382,What are the minimum qualifications required for the CRM Business Analyst role?
job-00383,What is the salary estimate for the Business Intelligence Analyst position?
job-00383,What are the key responsibilities of the Senior Business Intelligence Analyst at City of Hope?
job-00384,What is the salary range for the Business Analyst position at Tristar Insurance Group?
job-00384,In which location is the Business Analyst position based?
job-00385,What is the salary range for the Business Analyst position at Ledgent?
job-00385,What qualifications are required for the Business Analyst role?
job-00386,What is the salary estimate for the Mid Level Business Analyst position?
job-00386,What type of work environment can I expect at Career Movement?
job-00387,What is the salary range for the Business Analyst position at Kforce Technology Staffing?
job-00387,"What are the key responsibilities of the Business Analyst role in Monterey Park, CA?"
job-00388,"What is the salary range for the Entry Level Business Analyst position at Staffigo Technical Services, LLC?"
job-00388,What are the primary responsibilities of the Business Analyst role as described in the job listing?
job-00389,What is the salary range for the Business Data Analyst position at PUBG Santa Monica?
job-00389,What business functions will the Business Data Analyst support in their role?
job-00390,"What is the salary range for the Business Analyst position at iSpace, Inc?"
job-00390,What are the core responsibilities of the Business Analyst as described in the job listing?
job-00391,What are the primary responsibilities of the Senior Business Analyst at Metro-Goldwyn-Mayer Studios Inc.?
job-00391,What is the salary range for the Senior Business Analyst position?
job-00392,What is the salary range for the Business Analyst position at One Legacy?
job-00392,What type of organization is One Legacy and what industry do they operate in?
job-00393,What are the essential responsibilities of a Project Analyst at HNTB?
job-00393,What is the salary estimate for the Project Analyst position?
job-00394,"What is the salary range for the Business Analyst position at American Honda Motor Co., Inc.?"
job-00394,What qualifications are required for the Business Analyst role?
job-00395,What is the salary range for the Business Analyst position at Indecomm Digital Services?
job-00395,What kind of experience is required for the Business Analyst position regarding the Entertainment industry?
job-00396,What is the salary range for the Product and Business Analyst position at Sidebench?
job-00396,In which location is the Product and Business Analyst job based?
job-00397,What is the salary range for the Business Analyst position at Prosum?
job-00397,What are the essential job functions for the Business Analyst role?
job-00398,What is the salary range for the Business Management Analyst position at Northrop Grumman?
job-00398,What are the basic qualifications required for the Business Management Analyst role?
job-00399,What are the main responsibilities of a Business Systems Analyst at Episource?
job-00399,What is the salary range for the Business Systems Analyst position?
job-00400,"What is the salary range for the Business Systems Analyst position at Relevante, Inc.?"
job-00400,What qualifications are required for the Business Systems Analyst role?
job-00401,What is the salary range for the Business Consultant position at Aflac Los Angeles?
job-00401,What responsibilities are included in the Business Consultant role?
job-00402,What is the salary range for the IT Business Analyst position at Diversant LLC?
job-00402,What type of experience is required to qualify for the IT Business Analyst role?
job-00403,What is the salary estimate for the Business Analyst position at Athens Services?
job-00403,What are the key responsibilities of the Business Analyst as described in the job listing?
job-00404,What is the salary range for the Business Analyst position at Keyrus Group?
job-00404,What are the main responsibilities of the Business Analyst role in the e-Commerce sector?
job-00405,What is the salary estimate for the Production Business Analyst position?
job-00405,What specific experience is required for the Business Analyst role?
job-00406,"What is the salary range for the Business Analyst, Support position at Turner Broadcasting?"
job-00406,"What are the key responsibilities associated with the Business Analyst, Support role in the IP Licensing & Dist Solutions department?"
job-00407,What is the salary range for the Business Systems Analyst III position?
job-00407,What type of projects will the Business Systems Analyst III be responsible for coordinating?
job-00408,What is the salary estimate for the Business Analyst position at L3Harris?
job-00408,What qualifications are required for the Business Analyst role?
job-00409,What are the main responsibilities of the Business Analyst at VULTUSINC?
job-00409,What is the salary range for the Business Analyst position?
job-00410,What is the salary estimate for the Business Analyst 3 position at Rose International?
job-00410,In which location is the Business Analyst 3 position based?
job-00411,What is the salary range for the Business Analyst position at Groundwork Coffee Roasters?
job-00411,What are the primary responsibilities of the Business Analyst in terms of data analysis and financial performance?
job-00412,What is the salary range for the HR Analyst position at Harbor Freight Tools?
job-00412,What are the essential responsibilities of the HR Analyst role?
job-00413,"What is the salary range for the Sales Incentive Analyst position at Bluebeam, Inc.?"
job-00413,What are the main responsibilities of the Sales Incentive Analyst role?
job-00414,What is the salary range for the Business Analyst position at Caliber Sourcing?
job-00414,Where is the location of the Business Analyst job offered by Caliber Sourcing?
job-00415,What is the salary range for the Business Systems Analyst position at Tutor Perini?
job-00415,In which city is the Business Systems Analyst position located?
job-00416,What is the salary range for the Business Analyst position at Enclipse?
job-00416,What are the primary responsibilities of the Business Analyst role at Enclipse?
job-00417,What is the salary range for the BSA Analyst position at Hanmi Bank?
job-00417,What educational qualifications are required for the BSA Analyst role?
job-00418,What is the salary range for the Technical Business Analyst position?
job-00418,What qualifications are needed for the Technical Business Analyst role at Aristotle Capital Management?
job-00419,What is the salary range for the Business Analyst position at Northeast Community Clinics?
job-00419,What are the primary responsibilities of the Business Analyst in relation to financial reporting?
job-00420,What is the salary estimate for the Market Data Analyst position?
job-00420,What qualifications are required for the Market Data Analyst role at Capital Group?
job-00421,What are the key responsibilities of the Business Analyst role at Trovetechs Inc?
job-00421,What is the salary range for the Business Analyst position?
job-00422,What is the salary range for the Data Analyst position at Wellth Inc.?
job-00422,What key responsibilities does the Data Analyst role involve at Wellth?
job-00423,What is the salary estimate for the Business Analyst position at Aramco Imports Inc?
job-00423,What are the educational requirements for the Business Analyst role?
job-00424,What is the estimated salary range for the Business Analyst position at Rishabh RPO?
job-00424,Where is the Business Analyst job located?
job-00425,What is the salary range for the Associate Reporting Analyst position at Stamps.com?
job-00425,What are the primary responsibilities of the Associate Reporting Analyst?
job-00426,What is the range of the salary estimate for the Sr. Business Analyst position at NBC Universal?
job-00426,In which location is the Sr. Business Analyst position based?
job-00427,What is the salary range for the Business System Analyst position at Midcom?
job-00427,In which location is the Business System Analyst position based?
job-00428,What is the salary range for the Sr. Business Analyst position at ALLStem?
job-00428,What are the key responsibilities of the Sr. Business Analyst role at ALLStem?
job-00429,What is the salary range for the Business Systems Analyst - Technical Program Manager position?
job-00429,What type of work experience is required for the Financial Writer position at Aquent?
job-00430,What is the salary range for the Business Analyst position at CJ Cheiljedang?
job-00430,What qualifications are required for the Business Analyst role?
job-00431,What is the salary range for the IT Systems Analyst position at Harbor Freight Tools?
job-00431,What are the primary responsibilities of the IT Systems Analyst role?
job-00432,"What is the salary range for the Business Analyst position at Staffigo Technical Services, LLC?"
job-00432,What responsibilities does the Junior Business Analyst role entail?
job-00433,What is the salary range for the Business Analyst position?
job-00433,Where is the company's headquarters located?
job-00434,What is the salary range for the Business Analyst IV position at Kforce?
job-00434,"What are the key responsibilities of a Business Analyst IV at Kforce in Los Angeles, CA?"
job-00435,What is the salary range for the Business Analyst position at Lorven Technologies Inc?
job-00435,What are the qualifications required for the Business Analyst role?
job-00436,What is the salary estimate for the Business Analyst position at JM Eagle?
job-00436,What qualifications are required for the Business Analyst role?
job-00437,What is the salary range for the Business Operations Analyst position?
job-00437,What type of experience is preferred for candidates applying for this position?
job-00438,What is the salary range for the Data Analyst position?
job-00438,Where is the Hospitality Training Academy located?
job-00439,What is the salary estimate for the Business Solutions Analyst position at Torrid?
job-00439,What qualifications are required for the Business Solutions Analyst role?
job-00440,What is the salary range for the Sr. Business Intelligence Analyst position at NEXT Trucking?
job-00440,What educational qualifications are required for the Sr. Business Intelligence Analyst role?
job-00441,What is the salary estimate for the Management Consulting - Business Analyst position at Process Research and Optimization?
job-00441,What are the main responsibilities of a Business Analyst in this role?
job-00442,What is the salary range for the Business Analyst position at Crystal Stairs?
job-00442,What are the core responsibilities of the Business Analyst at Crystal Stairs?
job-00443,What is the salary range for the Business Systems Analyst position at Randstad?
job-00443,Where is the Business Systems Analyst role located?
job-00444,What is the salary estimate for the Senior Business Analyst position?
job-00444,What are the primary responsibilities of the Senior Business Analyst?
job-00445,What is the salary range for the Business Analyst Lead position?
job-00445,What kind of experience is preferred in the qualifications for this role?
job-00446,What is the salary range for the Business Analyst position at TRISTAR Risk Management?
job-00446,What is the required education level for the Business Analyst role?
job-00447,What is the salary range for the Business Analyst position?
job-00447,In which location is the Business Analyst position based?
job-00448,What is the salary range for the Data Analyst position at Signal Sciences?
job-00448,What key responsibilities will the Data Analyst have in supporting business initiatives?
job-00449,What are the primary responsibilities of the Business Analyst in this role?
job-00449,"What is the salary range for the Business Analyst position at Login Consulting Services, Inc?"
job-00450,"What is the salary range for the Business Analyst position at NTT DATA, Inc.?"
job-00450,What key responsibilities are associated with the Business Analyst role regarding the Privacy Office initiatives?
job-00451,What are the primary responsibilities of the Data Analyst position at Lucky Day?
job-00451,What is the salary range for the Data Analyst position?
job-00452,What is the salary range for the Business Systems Analyst position at Caliber Sourcing?
job-00452,Where is the Business Systems Analyst position located?
job-00453,What is the salary range for the CRM Administrator / Business Analyst position?
job-00453,What type of degree is required for the role?
job-00454,What is the salary estimate for the Business Systems Analyst position at Kforce Technology Staffing?
job-00454,"What are the key responsibilities of the Business Systems Analyst role in Burbank, CA?"
job-00455,What is the salary range offered for the Business System Analyst position?
job-00455,In which location is the Business System Analyst position based?
job-00456,"What are the core responsibilities of the Business Analyst position at Recargo, Inc.?"
job-00456,What is the salary range for the Business Analyst position?
job-00457,What is the salary range for the Operational Assurance Business Analyst III position?
job-00457,What qualifications are required for the Operational Assurance Business Analyst III role?
job-00458,"What is the salary range for the Business Analyst/Specialist position at Leo Tech, LLC?"
job-00458,What are the minimum educational qualifications required for Analyst Level 2?
job-00459,"What is the salary range for the Data Analyst position at Relevante, Inc.?"
job-00459,What are the primary responsibilities of the Data Analyst role as described in the job listing?
job-00460,"What is the salary range for the Business Analyst, Sales and Avails position?"
job-00460,What kind of experience is required for the Business Analyst role?
job-00461,What is the salary range for the Business Systems Analyst position?
job-00461,What type of industry experience is required for this role?
job-00462,What is the salary range for the Technical Lead / Business Analyst position?
job-00462,In which city is the USDM Life Sciences office for this job located?
job-00463,What is the salary estimate for the Project Manager / Business Analyst position?
job-00463,What are the key responsibilities associated with the Project Manager / Business Analyst role?
job-00464,What are the minimum educational and experience requirements for this Business Analyst position at Ernst & Young?
job-00464,"What is the estimated salary range for the Business Analyst role in Los Angeles, CA?"
job-00465,What is the salary range for the Financial Operations Analyst position at Stamps.com?
job-00465,What educational qualifications are required for this role?
job-00466,What is the salary range for the Business Systems Analyst position?
job-00466,What qualifications are required for the Business Systems Analyst role?
job-00467,What is the salary estimate for the Business Analyst position at PEAK Technical Staffing USA?
job-00467,In which location is the Business Analyst position based?
job-00468,What is the salary estimate for the IT Business Analyst position at San Gabriel Valley Water Company?
job-00468,What are the primary responsibilities of the IT Business Analyst as outlined in the job description?
job-00469,What is the expected salary range for the Survey Data Analyst position at First Professional Services?
job-00469,In which city is the Survey Data Analyst position based?
job-00470,What is the salary range for the Business Analyst II position at L.A. Care Health Plan?
job-00470,What are the primary responsibilities of the Business Analyst II at L.A. Care Health Plan?
job-00471,What is the salary range for positions listed in the job posting?
job-00471,What are some of the key responsibilities involved in the Research Administration roles at City of Hope?
job-00472,What is the salary range for the IT Business Analyst position?
job-00472,What are the primary responsibilities of the IT Business Analyst at Motion Picture Industry Pension & Health Plans?
job-00473,What is the salary range for the Business Analyst position at Century Group?
job-00473,What are the primary responsibilities of the Business Analyst in this role?
job-00474,What is the salary range for the Senior Business Analyst position at Caliber Sourcing?
job-00474,Where is the location of the Senior Business Analyst position offered by Caliber Sourcing?
job-00475,What is the salary estimate for the Business Analyst II position?
job-00475,In which location is the Business Analyst position at Superior Grocers based?
job-00476,What is the salary estimate for the Business Analyst position at Pinkus Partners?
job-00476,What are the required qualifications for the Salesforce Business Analyst role?
job-00477,What is the salary estimate for the Wealth Management Analyst position at Morgan Stanley?
job-00477,What are the primary responsibilities of the Wealth Management Analyst at Morgan Stanley?
job-00478,What is the salary range for the Senior Business Analyst position at RemX?
job-00478,What qualifications are required for the Senior Business Analyst role?
job-00479,What salary range is offered for the Business Analyst IV position?
job-00479,What are the key responsibilities of the Business Analyst IV role at Kforce Technology Staffing?
job-00480,What is the salary range for the SharePoint Business Analyst position?
job-00480,In which location is the SharePoint Business Analyst position based?
job-00481,What are the main responsibilities of the Business Analyst position?
job-00481,What is the salary range for the Business Analyst role at Eleven Recruiting?
job-00482,"What are the primary responsibilities of the Business Systems Analyst role in Burbank, CA?"
job-00482,What is the estimated salary range for the Business Systems Analyst position at Kforce?
job-00483,What is the salary range for the Salesforce Applications Analyst position at BlackLine?
job-00483,What are the primary responsibilities of a Salesforce Applications Analyst at BlackLine?
job-00484,What is the salary range for the Jr. Business Analyst position?
job-00484,What educational qualifications are required for the Jr. Business Analyst role?
job-00485,What is the salary range for the Business Analyst position?
job-00485,In which location will the Business Analyst position primarily work?
job-00486,"What is the salary range for the Senior Business Analyst position at Login Consulting Services, Inc?"
job-00486,"What type of company is Login Consulting Services, Inc and where is it located?"
job-00487,"What is the salary range for the Business Analyst position at UNICON International, Inc?"
job-00487,In which location will the Business Analyst position be based?
job-00488,What is the salary estimate for the Salesforce Business Analyst position?
job-00488,What are the key responsibilities of the Salesforce Business Analyst in this role?
job-00489,What is the salary range for the Business Analyst position?
job-00489,What qualifications are required for the Business Analyst role?
job-00490,What is the salary range for the Data Governance Analyst position?
job-00490,What qualifications are required for the Data Governance Analyst role at Western Asset Management?
job-00491,What is the salary range for the Business Systems Analyst position at PROLIM Global Corporation?
job-00491,What qualifications are required for the Business Systems Analyst role?
job-00492,What are the primary responsibilities of the Senior Business Analyst role?
job-00492,What is the salary range for the Senior Business Analyst position?
job-00493,What is the salary range for the Business Analyst position at AppleOne?
job-00493,What are the primary responsibilities of the Business Analyst role?
job-00494,What are the primary responsibilities of the Business Analyst position at WhoWhatWhy?
job-00494,What is the expected commitment in terms of hours per week for the volunteer position?
job-00495,What is the salary estimate for the Business Systems Analyst position?
job-00495,What specific experience is required for the role related to data analytics?
job-00496,What qualifications are required to be considered for the Business Systems Analyst II position at City National Bank?
job-00496,What is the salary range for the Business Systems Analyst II role?
job-00497,What is the salary range for the Space Division Business Analyst position?
job-00497,What are the minimum qualifications required for this role?
job-00498,What is the salary range for the AML Risk Model Validation and Business Analyst position at Sterling Bank and Trust?
job-00498,What specific qualifications are required for the AML Risk Model Validation and Business Analyst role?
job-00499,What are the required qualifications to apply for the Business Analyst position?
job-00499,What is the salary range for the Business Analyst position at Prosum?
job-00500,What is the salary range for the Sr Business Systems Analyst position?
job-00500,What qualifications are required for the Sr Business Systems Analyst role?
job-00501,What are the primary responsibilities of the Junior Business Analyst position at Staffigo Technical Services?
job-00501,"What is the salary range for the Business Analyst position in Los Angeles, CA?"
job-00502,What is the salary range for the Mid-level Business Analyst position at Robert Half?
job-00502,What are the key responsibilities of the Mid-level Business Analyst in this role?
job-00503,What experience is required for the ISM Business Analyst/Developer position at CyberCoders?
job-00503,"Is the ISM Business Analyst/Developer role located in Artesia, CA, or is it available for remote work?"
job-00504,What is the salary range for the Strategic Planning & Business Development Analyst position?
job-00504,What educational qualifications are required for this role?
job-00505,What is the salary range for the Business Analyst position at Ernst & Young LLP?
job-00505,What are the minimum education requirements for the Business Analyst role in Los Angeles?
job-00506,What is the salary estimate for the Sr. Business Analyst position?
job-00506,What are the primary responsibilities of the Sr. Business Analyst?
job-00507,What is the salary estimate for the Project Analyst position at Three Point Solutions?
job-00507,What are the primary responsibilities of the Project Analyst as described in the job listing?
job-00508,What is the salary range for the Data Analyst position at PlayQ?
job-00508,What qualifications are required for the Data Analyst role at PlayQ?
job-00509,What is the salary estimate for the Business Analyst / ERP Business Analyst position?
job-00509,Where is the job location for the Business Analyst / ERP Business Analyst role?
job-00510,What is the salary range for the Business Analyst Level-1 position?
job-00510,What qualifications are required for the Business Analyst Level-1 position?
job-00511,What is the salary estimate for the Portfolio Analyst position at Wedbush Securities?
job-00511,What qualifications are required for the Portfolio Analyst role?
job-00512,"What are the primary responsibilities of the Sr. Business Analyst, Finance- IP Licensing position?"
job-00512,What is the salary estimate for this position?
job-00513,What is the salary range for the BIDW Business Analyst position at Enclipse?
job-00513,What are the main responsibilities of the BIDW Business Analyst related to ETL projects?
job-00514,What is the salary estimate for the Business Analyst position?
job-00514,What specific experience is required to apply for the Business Analyst role at Q Analysts?
job-00515,"What is the salary range for the Data Analyst position at ConsultNet, LLC?"
job-00515,What is the required educational background for the Data Analyst role?
job-00516,What is the salary range for the Business Systems Analyst position?
job-00516,What specific experience is required for the candidate applying for this role?
job-00517,What is the salary range for the Junior Business Analyst position?
job-00517,What are the primary responsibilities of the Junior Business Analyst role?
job-00518,What is the salary range for the PO Business Analyst position?
job-00518,What qualifications are preferred for the PO Business Analyst role?
job-00519,What is the salary range for the Business Systems Analyst position?
job-00519,What are the essential functions of the Business Systems Analyst role at First American Financial Corporation?
job-00520,What is the salary estimate for the Senior Business Analyst (ERP) position at the University of Southern California?
job-00520,What qualifications are required for the Senior Business Analyst (ERP) position?
job-00521,What is the salary range for the Business Analyst position at MedPOINT Management?
job-00521,What responsibilities does the Business Analyst have regarding project monitoring and progress tracking?
job-00522,What is the salary estimate for the Business System Analyst position?
job-00522,What are the primary responsibilities of the Business System Analyst role?
job-00523,What is the salary estimate for the Organizational Change Management Analyst position?
job-00523,What type of experience is required for this role at the University of Southern California?
job-00524,What is the salary range for the Business Intelligence Analyst position?
job-00524,What educational qualifications are preferred for this role?
job-00525,What is the salary estimate for the Senior Business Systems Analyst position?
job-00525,What qualifications are required for the Senior Business Systems Analyst role at Virgin Orbit?
job-00526,What is the salary estimate for the Technical Business Analyst position at CivicMinds Inc?
job-00526,"What qualifications are needed for the Technical Business Analyst role in South Gate, CA?"
job-00527,What is the salary range for the Business Analyst position at NRC INC?
job-00527,What essential job skills are required for the Business Analyst – Asset Data Management role?
job-00528,What is the salary range for the SharePoint Migration Business Analyst position?
job-00528,"What qualifications are required for this role at Tentek, Inc.?"
job-00529,What is the salary range for the Microsoft Dynamics CRM Data Analyst position?
job-00529,What required experience is necessary for the Microsoft Dynamics CRM Data Analyst role?
job-00530,What is the salary range for the Budget Analyst position at Tecolote Research?
job-00530,What type of educational background is required for the Budget Analyst role?
job-00531,"What is the salary range for the Senior Business Analyst position at Recruiting Resources, Inc.?"
job-00531,What qualifications and experience are required for the Senior Business Analyst role?
job-00532,"What is the salary estimate for the Business Analysis Manager, Finance position?"
job-00532,"What type of degree is required for the Business Analysis Manager, Finance position?"
job-00533,What is the salary range for the Senior Business Analyst position?
job-00533,What are the specific industries that the ideal candidate should have experience in?
job-00534,What is the salary range for the Business Systems Analyst position?
job-00534,How many years of experience are required for the Business Systems Analyst role?
job-00535,What is the salary estimate for the Sr. IT Business Analyst position at Pharmavite?
job-00535,What specific technical expertise is required for this role related to supply chain processes?
job-00536,What is the salary range for the Manager Business Analysis position at LegalZoom?
job-00536,How many years of experience are required in a leadership role for this job?
job-00537,What is the salary range for the Senior Cost Engineer/Analyst position?
job-00537,What level of experience is required for this role in cost estimating activities?
job-00538,What is the salary range offered for the Business Analyst position?
job-00538,What are the minimum educational requirements for this position?
job-00539,What is the salary range for the Business Systems Analyst position at 120VC?
job-00539,What minimum experience is required for the Salesforce implementation in this role?
job-00540,What is the salary range for the Business Analyst position at Acclive Inc.?
job-00540,Where is the Business Analyst position located?
job-00541,What is the salary range for the Compliance Analyst - Ad Review position?
job-00541,What qualifications are required for the Compliance Analyst - Ad Review position?
job-00542,What is the salary range for the Business Intelligence Analyst position at Camden Kelly Corporation?
job-00542,In which city is the Business Intelligence Analyst role located?
job-00543,What is the salary estimate for the Kinaxis Rapid Response Business Analyst position?
job-00543,What are the primary responsibilities of the Kinaxis Rapid Response Analyst?
job-00544,What is the salary estimate for the IT Business Analyst position?
job-00544,What are the primary responsibilities of the Business Analyst for the financial systems implementation?
job-00545,What is the salary range for the SAP BPC Business Analyst position?
job-00545,What are the required skills for the SAP BPC Business Analyst role?
job-00546,What is the salary range for the Scenechronize Business Analyst position?
job-00546,What responsibilities will the Business Analyst have regarding testing and user training?
job-00547,What is the salary range for the Salesforce Functional Business Analyst position?
job-00547,What type of industry does Lorven Technologies Inc operate in?
job-00548,What are the primary responsibilities of the Credit and Collections Analyst at Bobrick Washroom Equipment?
job-00548,What is the salary range for the Credit and Collections Analyst position at Bobrick Washroom Equipment?
job-00549,What is the salary range for the BIDW Business Analyst position?
job-00549,What are the main responsibilities of the BIDW Business Analyst?
job-00550,What is the salary range for the Business System Analyst position?
job-00550,What qualifications are required for the Business System Analyst role?
job-00551,What is the salary range for the Senior Data Analyst position?
job-00551,In which locations does Steady have offices for the Senior Data Analyst role?
job-00552,"What is the salary range for the Business Analyst, Support position at WB Technology?"
job-00552,"What are some key responsibilities of the Business Analyst, Support role?"
job-00553,What is the salary range for the SAP Finance Business Analyst position?
job-00553,What types of teams will the SAP Finance Business Analyst be working with?
job-00554,"What is the salary range for the Senior Analyst, Strategic Analysis position?"
job-00554,"What qualifications are required for the Senior Analyst, Strategic Analysis role at Beachbody?"
job-00555,What is the salary range for the OFSAA Techno-Functional(Business Analysis) position?
job-00555,What primary industry does Edkal Technologies pvt ltd operate in?
job-00556,What is the salary range for the Project Analyst position at Hawker Pacific Aerospace?
job-00556,What qualifications are required for the Project Analyst role?
job-00557,What is the salary range for the Data Analyst position?
job-00557,What qualifications are preferred for applicants to the Data Analyst role?
job-00558,What is the salary range for the Rapid Response Kinaxis Business Analyst position?
job-00558,In which city is the Rapid Response Kinaxis Business Analyst position located?
job-00559,What is the salary range for the SAP FICO Analyst position at Arlon Graphics?
job-00559,What are the main responsibilities of the Finance Business Analyst in relation to SAP implementation and support?
job-00560,What is the salary range for the Entry Level Accenture Infrastructure Advisory Analyst position?
job-00560,In which location is the job position based?
job-00561,What is the salary range for the Business Analyst position?
job-00561,What responsibilities will the Junior Business Analyst be expected to perform?
job-00562,What is the salary range for the Business Systems Analyst (ServiceNow) position?
job-00562,What kind of experience is required for the Business Systems Analyst II position?
job-00563,What is the salary range for the Business Analyst position at Lorven Technologies Inc?
job-00563,What are the required years of experience in designing and implementing Sterling OMS solutions for this role?
job-00564,What is the salary range for the Jr. Level Business Analyst position?
job-00564,What responsibilities does the Jr. Level Business Analyst have in this role?
job-00565,What is the salary range for the Programmer Analyst II position?
job-00565,What qualifications are required for the Programmer Analyst II position?
job-00566,What is the salary range for the Entry level - Business Analyst position?
job-00566,What are the primary responsibilities associated with the Entry level - Business Analyst role?
job-00567,What is the salary estimate for the Business Analyst position?
job-00567,What qualifications are required for the Business Analyst position?
job-00568,"What is the salary estimate for the Analyst, Investment Accounting position?"
job-00568,"What are the primary responsibilities of the Analyst, Investment Accounting role?"
job-00569,What is the salary estimate for the Business Intelligence Analyst position at Casting Networks?
job-00569,What qualifications are required for the Business Intelligence Analyst role?
job-00570,What are the primary responsibilities of the Data Analyst position at Swinerton Builders?
job-00570,What is the salary range for the Data Analyst position?
job-00571,What is the salary range for the Systems Analyst position at Hudson Pacific Properties?
job-00571,What qualifications are required for the Systems Analyst role?
job-00572,What is the salary range for the Systems Analyst position at Kforce Technology Staffing?
job-00572,In which city is the Systems Analyst position located?
job-00573,What is the salary estimate for the Sr. Business Analyst position at The Walt Disney Studios?
job-00573,What are the basic qualifications required for the Sr. Business Analyst role?
job-00574,What is the salary range for the Data Analyst position?
job-00574,Where is the location of the Data Analyst job?
job-00575,What is the salary range for the Supply Chain Business Analyst position?
job-00575,"What are the required qualifications for the role, specifically related to SAP experience?"
job-00576,What is the salary range for the Data Analyst position at HireTalent?
job-00576,"What are the primary responsibilities of the Data Analyst role located in Chatsworth, CA?"
job-00577,What is the salary estimate for the MBA Sector Analyst position at Bentley Systems?
job-00577,What qualifications are required for the MBA Sector Analyst role?
job-00578,What is the salary estimate for the Marketing Analyst position at Thrive Market?
job-00578,What responsibilities will the Marketing Analyst have in supporting the Marketing Acquisition and CRM teams?
job-00579,"What is the salary estimate for the Business Intelligence Analyst position at EMINENT, INC.?"
job-00579,What are the essential duties and responsibilities of the Business Intelligence Analyst role?
job-00580,What is the salary range for the Senior Business Systems Analyst position at Therabody?
job-00580,What qualifications are required for the Senior Business Systems Analyst role?
job-00581,What is the salary range for the Lead Business Intelligence Analyst position at Amway?
job-00581,What specific experience is required for the Lead Business Intelligence Analyst role?
job-00582,What is the salary estimate for the Systems Analyst position at Kforce?
job-00582,What are the key responsibilities of the Systems Analyst role?
job-00583,"What is the salary range for the Data Analyst position at iSpace, Inc.?"
job-00583,Where is the Data Analyst position located?
job-00584,What is the salary estimate for the Management Analyst position?
job-00584,What are the primary responsibilities of the Management Analyst in the Office of Field Policy and Management?
job-00585,What is the salary range for the Junior Data Analyst position?
job-00585,What are the primary responsibilities of the Junior Data Analyst at Staffigo Technical Services?
job-00586,What is the salary range for the Research Operations Analyst position at City of Hope?
job-00586,What are the key responsibilities of the Research Operations Analyst at City of Hope?
job-00587,What is the salary range for the Application Support Analyst position at Paul Hastings?
job-00587,What qualifications are required for the Application Support Analyst role?
job-00588,What is the salary range for the Project Analyst position?
job-00588,What is the required experience and education for this role?
job-00589,What is the salary range for the Business Analyst-Entry level position?
job-00589,What are the preferred qualifications for this position?
job-00590,What are the main responsibilities of the Senior Budget Analyst at the University of California?
job-00590,What is the salary range for the Senior Budget Analyst position?
job-00591,What is the salary range for the RPA/UI Path Business Analyst position at Lorven Technologies Inc?
job-00591,What are the main responsibilities of the RPA/UI Path Business Analyst in this role?
job-00592,What is the salary range for the Sr. Business Analyst position at Radiology Partners?
job-00592,What are the primary responsibilities of the Sr. Business Analyst role?
job-00593,What are the minimum educational and experience requirements for this Business Analyst position?
job-00593,"In which city is the position located, and what is the estimated salary range for this role?"
job-00594,What is the salary range for the Data Analyst position at Activision Publishing?
job-00594,What qualifications are required for the Data Analyst role in terms of education and experience?
job-00595,What is the salary estimate for the Jr. Data Analyst position?
job-00595,What qualifications are required for the Jr. Data Analyst role?
job-00596,What is the salary estimate for the Data Analyst position at Gilead Sciences?
job-00596,What are the primary responsibilities of the Data Analyst role in relation to the Global Quality Organization?
job-00597,What is the salary range for the Order Management Analyst position at Sugarfina?
job-00597,What are the primary responsibilities of the Order Management Analyst?
job-00598,What is the salary range for the Business Analytics Manager position at Miro?
job-00598,What are the primary responsibilities of the Business Analytics Manager in the Analytics team at Miro?
job-00599,What are the main responsibilities of the Business Analytics Manager at Miro?
job-00599,What is the salary range for the Business Analytics Manager position at Miro?
job-00600,What is the salary range for the Systems Analyst position at The City of Los Angeles?
job-00600,What qualifications are required to apply for the Systems Analyst position?
job-00601,What is the salary range for the Business Intelligence Analyst/Credit Risk Analyst position at Golden State Bank?
job-00601,What are the primary responsibilities of the Business Intelligence Analyst/Credit Risk Analyst?
job-00602,What is the salary range for the Financial Analyst position at LRW?
job-00602,In which city is the Financial Analyst position located?
job-00603,What are the primary responsibilities of the Operations Analyst position?
job-00603,What is the salary estimate for the Operations Analyst role at 101 Commerce?
job-00604,What is the salary range for the Strategic Planning Analyst position at ViacomCBS Inc.?
job-00604,What type of experience is required for the Strategic Planning Analyst role?
job-00605,What is the salary estimate for the Business Process Analyst position?
job-00605,What are the primary responsibilities of the Business Process Analyst at Volunteers of America?
job-00606,What is the salary range for the Jr. Business Analyst position?
job-00606,What educational qualifications are required for the Jr. Business Analyst role?
job-00607,What is the salary estimate for the CS-Link Ambulatory Application Analyst position?
job-00607,What are the key responsibilities of the Ambulatory Applications Analyst at Cedars-Sinai?
job-00608,What is the salary range for the Jr Business Analyst position?
job-00608,What are the primary responsibilities of the Jr Business Analyst?
job-00609,What is the salary estimate for the Sr. Business Analyst position at Beauty Counter?
job-00609,What specific skills are preferred for the Sr. Business Analyst role?
job-00610,What is the salary range for the Data Analyst position at Lorven Technologies Inc?
job-00610,What qualifications are required for the Data Analyst role?
job-00611,What are the specific responsibilities of the Data Analyst role at EP Wealth Advisors?
job-00611,What is the salary range for the Data Analyst position?
job-00612,What is the salary range for the Product Analyst position at InStride?
job-00612,What are the key responsibilities of the Product Analyst role at InStride?
job-00613,What is the salary range for the Business Analyst position at Streamline Healthcare?
job-00613,What are the primary responsibilities of the Business Analyst in customer implementations?
job-00614,What is the salary range for the Management Analyst position at Moving Company Los Angeles?
job-00614,What qualifications are required for the Management Analyst position?
job-00615,What is the salary estimate for the Marketing Data Analyst position at Teleflora?
job-00615,What educational qualifications are required for the Marketing Data Analyst role?
job-00616,What is the salary range for the Business Intelligence position at CompQsoft?
job-00616,Where is the Business Intelligence position located?
job-00617,What is the salary range for the Clinical Business Operations Analyst position?
job-00617,What are the primary responsibilities of the Clinical Business Operations Analyst?
job-00618,What is the salary range for the Data Analyst position?
job-00618,What qualifications are required for the Data Analyst role?
job-00619,What is the salary range for the Management Analyst position at the Department of Defense?
job-00619,In which location is the Management Analyst position based?
job-00620,What is the salary range for the Management Analyst position at the City of Downey?
job-00620,What are the primary responsibilities of the Management Analyst in the Community Development Department?
job-00621,What is the salary range for the Lead Business Analyst position at HCL Technologies?
job-00621,What qualifications are required for the Lead Business Analyst role?
job-00622,What is the salary range for the Sr. Business Systems Analyst position?
job-00622,What type of experience is required for the Sr. Business Systems Analyst role?
job-00623,What is the salary range for the Project Analyst position at Episource LLC?
job-00623,What are the primary responsibilities of the Project Analyst role?
job-00624,What is the salary range for the PeopleSoft Financials Business Analyst position at Delta Computer Consulting?
job-00624,What are the primary responsibilities of the PeopleSoft Financials Business Analyst in this role?
job-00625,What is the salary estimate range for the Marketing Analyst position at Curacao?
job-00625,What are the key responsibilities of the Marketing Analyst in this role?
job-00626,What is the target salary for the Data Analyst position?
job-00626,Where is the Data Analyst position located?
job-00627,What is the salary estimate for the Data Analyst position at Kite Pharma?
job-00627,What are the primary responsibilities of the Data Analyst role at Kite Pharma?
job-00628,What is the salary range for the Senior Business Analyst position at NTT DATA Services?
job-00628,How many years of experience in a media and entertainment company are required for this role?
job-00629,What is the salary range for the Data Analyst position at ICONMA?
job-00629,What are the primary responsibilities of the Data Analyst regarding the Chrome OS client team?
job-00630,What is the salary estimate range for the Marketing Data Analyst position?
job-00630,What qualifications are required for the Marketing Data Analyst role?
job-00631,What is the salary range for the MS Systems Analyst position at Allscripts?
job-00631,What are the primary responsibilities of the MS Systems Analyst role?
job-00632,What is the salary range for the Sr. Specialist of Business Operation Analyst position at Newegg?
job-00632,What educational qualifications are preferred for the Business Operations Analyst role?
job-00633,What is the salary range for the Woocommerce Data Governance Analyst position?
job-00633,What are the main responsibilities of the Data Governance Analyst at LiveGlam?
job-00634,What is the salary range for the Strategic Planning & Business Development Analyst position?
job-00634,What type of degree is required for the Strategic Planning & Business Development Analyst role?
job-00635,What is the salary range for the Business Analyst position at WB Technology?
job-00635,What type of degree is required for the Business Analyst position?
job-00636,What is the salary range for the ServiceNow Business Analyst position at softsnippets?
job-00636,What are the minimum qualifications required for the ServiceNow Business Analyst role?
job-00637,What is the salary range for the Senior Business Analyst position at iSpace Inc.?
job-00637,What are the primary responsibilities of the Senior Business Analyst in this role?
job-00638,What is the salary range for the Quality Assurance Analyst position at the University of Southern California?
job-00638,What are the minimum experience and education qualifications required for the QA Analyst role?
job-00639,"What is the salary range for the Engineer, IT (Business Systems Analyst) position at EMCORE Corporation?"
job-00639,"In which location is the Engineer, IT (Business Systems Analyst) position based?"
job-00640,What are the required skills for the Power BI Analyst position?
job-00640,What is the salary range for the Power BI Analyst role at Infinite Solutions Inc.?
job-00641,What is the salary range for the Associate Marketing Analyst position at MuteSix?
job-00641,In which location is the Associate Marketing Analyst position based?
job-00642,What is the salary range for the Business Analyst - Fresher position?
job-00642,What are the primary responsibilities of a Business Analyst in this role?
job-00643,What is the estimated salary range for the Portfolio Analyst III position at L.A. Care Health Plan?
job-00643,What are the primary responsibilities of the Portfolio Analyst III within the Enterprise Portfolio Management Office?
job-00644,"What is the salary range for the Analyst, Business (Enrollment Accounting) position?"
job-00644,What type of experience is required for this role at Molina Healthcare?
job-00645,What is the salary estimate for the Data Analyst / Developer position?
job-00645,In which location is the Data Analyst / Developer job based?
job-00646,What is the salary range for the Business Financial Analyst position?
job-00646,What responsibilities will the Business Financial Analyst have in relation to IT and business units?
job-00647,What is the salary range for the Data Analyst position at Burst Oral Care?
job-00647,What qualifications are required for the Data Analyst role?
job-00648,What is the salary range for the IT Business Systems Analyst position at Littelfuse?
job-00648,What are the key responsibilities of the IT Business Systems Analyst role?
job-00649,What is the salary estimate for the Product Business Analyst position?
job-00649,What are the primary responsibilities of the Product Business Analyst at Allvue?
job-00650,"What is the salary range for the Analyst, Asset Management position?"
job-00650,What qualifications are required for this role at LaSalle Investment?
job-00651,What is the salary range for the Revenue Analyst position at Sidley Austin LLP?
job-00651,What are the primary responsibilities of a Revenue Analyst at Sidley Austin LLP?
job-00652,What is the salary range for the Global Macro News Analyst position?
job-00652,What qualifications are required for the Global Macro News Analyst role?
job-00653,What is the salary estimate for the Business Analyst position at AmericanEagle.com?
job-00653,What qualifications are required for the Business Analyst role?
job-00654,What is the salary estimate for the Summer Intern - Investment Banking Summer Analyst position?
job-00654,What qualifications are required for applying to this internship?
job-00655,What is the salary range for the Staff Business Intelligence Analyst position?
job-00655,What role does the Staff Business Intelligence Analyst play in collaboration with other teams within the company?
job-00656,What is the salary range for the Data Analyst position at Wintrust Financial?
job-00656,What qualifications are required for the Data Analyst role?
job-00657,What qualifications are required for the Quantitative Analyst position at Magnetar Capital?
job-00657,What is the salary range for the Quantitative Analyst role?
job-00658,What is the salary range for the Equity Analyst position at Ritchie Bros.?
job-00658,What kind of experience is required for the Equity Analyst role?
job-00659,What is the salary estimate for the Sr. Financial Analyst position at True Value?
job-00659,What are the essential duties and responsibilities of the Sr. Financial Analyst?
job-00660,What is the salary estimate for the WIM Invest Research Analyst 1 position?
job-00660,What qualifications are required for the WIM Invest Research Analyst 1 position?
job-00661,What is the salary estimate for the Research Analyst position at the Federal Reserve Bank of Chicago?
job-00661,What qualifications are preferred for applicants interested in the Research Analyst position?
job-00662,What is the salary range for the Management Consultant position at Maven Wave Partners?
job-00662,What qualifications are required for the Management Consultant role?
job-00663,What is the salary range for the Senior Business Analyst position at Morningstar?
job-00663,What qualifications are required for the Senior Business Analyst role?
job-00664,What is the salary range for the Associate Business Analyst position at Vizient?
job-00664,In which city is the Associate Business Analyst role located?
job-00665,What is the salary range for the IT Business Analyst position?
job-00665,What are the minimum experience requirements for this role?
job-00666,What is the salary range for the Business Systems & Data Analyst position?
job-00666,What type of degree is required for this role?
job-00667,What are the primary responsibilities of the Business Analyst at Braintree?
job-00667,What is the salary range offered for the Business Analyst position?
job-00668,What is the salary range for the Entry Level Business Analyst position at Spectra Infosystems?
job-00668,Where is the location of the Entry Level Business Analyst role?
job-00669,What is the salary estimate for the Senior Business Analyst position?
job-00669,What qualifications are required for this role?
job-00670,What is the salary range for the Entry level Business Analyst position?
job-00670,What are the main responsibilities of the Business Analyst in this role?
job-00671,What is the salary estimate range for the Data Analyst position at GoHealth?
job-00671,What specific skills are preferred for the Data Analyst role at GoHealth?
job-00672,What is the salary range for the Business Operations Analyst I position at Conduent?
job-00672,What are the main responsibilities of the Business Operations Analyst I role?
job-00673,What is the salary estimate for the Business Analyst position?
job-00673,What type of experience is required for the Business Analyst role?
job-00674,What is the salary range for the Junior Finance and Accounting Analyst position at Magnetar Capital?
job-00674,What are the primary responsibilities of a Junior Finance and Accounting Analyst in the Energy & Infrastructure business?
job-00675,What is the salary range for the Business Analyst position at Efficio?
job-00675,"Where is the Business Analyst position located, and how much travel is involved?"
job-00676,What is the salary estimate for the Senior Analyst position at Upwork?
job-00676,What are the key responsibilities of the Senior Analyst in Trust and Safety at Upwork?
job-00677,What is the salary estimate for the Senior Business Analyst position at Heidrick & Struggles?
job-00677,What are the specific responsibilities of the Senior Business Analyst at Heidrick & Struggles?
job-00678,What is the salary range for the Help Desk Analyst position?
job-00678,What qualifications are required for the Help Desk Analyst role?
job-00679,What is the salary estimate for the Business Analyst position?
job-00679,What educational background is required for the Business Analyst role?
job-00680,What is the salary range for the Business Analyst position at Foot Locker?
job-00680,What are the primary responsibilities of a Business Analyst within the product management team at Foot Locker?
job-00681,What is the salary range for the Territory Business Manager position?
job-00681,What are the primary responsibilities of the Territory Business Manager?
job-00682,What is the salary range for the Business Analyst position at Loop Integration?
job-00682,What qualifications are required for the Business Analyst role?
job-00683,What is the salary range for the Help Desk Analyst position?
job-00683,What qualifications are required for the Help Desk Analyst role at BMO Financial Group?
job-00684,What is the salary estimate for the Business Analyst position?
job-00684,What qualifications are required for the Business Analyst role at Tecture?
job-00685,What is the salary range for the Business Analyst position at American Labz?
job-00685,What qualifications are required for the Business Analyst role?
job-00686,What is the salary range for the Jr. Data Analyst position?
job-00686,Where is the Jr. Data Analyst position located?
job-00687,"What is the salary estimate for the Business Analyst position at Clarity Partners, LLC?"
job-00687,In which location is the Business Analyst position based?
job-00688,What is the salary range for the Sourcing Business Analyst position at The AZEK Company?
job-00688,What is the main focus of the Sourcing Business Analyst role as outlined in the job description?
job-00689,What is the salary range for the Business Analyst position at Diverse Lynx?
job-00689,What types of industry experience are required for the Business Analyst role?
job-00690,What is the salary range for the Business Intelligence Analyst position at Kemper?
job-00690,What responsibilities does the Business Intelligence Analyst have in relation to Personal Auto and Homeowners insurance operations?
job-00691,What is the salary range for the Business Analyst position at EA Team?
job-00691,What are the required skills for the Business Analyst role?
job-00692,What is the salary estimate for the Senior Business Analyst position?
job-00692,What qualifications are required for the Senior Business Analyst role at MillerCoors?
job-00693,What is the salary estimate for the Business Analyst position at SquarePeg?
job-00693,Where is the Business Analyst position located?
job-00694,What is the salary range for the Business Analyst position at Vistrada?
job-00694,What type of experience is required for the Business Analyst role?
job-00695,What is the salary range for the Business Analyst position at Sara Lee Frozen Bakery?
job-00695,What are the essential duties and responsibilities of the Business Analyst role?
job-00696,What is the salary range for the Business Analyst position at Codal?
job-00696,What qualifications are required for the Business Analyst role?
job-00697,What is the salary estimate for the Business Analyst position at Intetics?
job-00697,What are the key responsibilities of the Business Analyst role in the healthcare product project?
job-00698,What is the salary estimate for the Business Analyst - Consultant position at RiverPoint?
job-00698,What are the primary responsibilities of the Business Analyst in this role?
job-00699,What is the salary range for the Senior Product Business Analyst position at Allvue?
job-00699,What are the responsibilities of the Senior Product Business Analyst in relation to client fund structures?
job-00700,What is the salary estimate for the Business Analyst position at Conch Technologies?
job-00700,What qualifications are required for the Business Analyst role?
job-00701,What is the salary range for the Business Analyst position at Nitel?
job-00701,What degree is strongly preferred for the Business Analyst role?
job-00702,What is the salary estimate for the Business Analyst position?
job-00702,What qualifications are required for this Business Analyst role?
job-00703,What are the essential job functions of a Business Analyst at MWRD of Greater Chicago?
job-00703,What is the salary range for the Business Analyst position at this company?
job-00704,What is the salary range for the Business Analyst position at Motorola Solutions?
job-00704,What basic qualifications are required to apply for the Business Analyst role?
job-00705,What is the salary range for the Business Analyst position at STATS PERFORM?
job-00705,What type of degree is required for the Business Analyst position?
job-00706,What is the salary range for the Business Analyst position?
job-00706,In which city is the Business Analyst position located?
job-00707,What is the estimated salary range for the Business Intelligence Analyst position at Fooda?
job-00707,What are the primary responsibilities of a Business Intelligence Analyst at Fooda?
job-00708,What is the salary range for the Business Solutions Analyst I position?
job-00708,What qualifications are required for the Business Solutions Analyst I role?
job-00709,What is the salary range for the Business Analyst position at R1 Revenue Cycle Management?
job-00709,What are the key responsibilities of the Business Analyst role in relation to automation products?
job-00710,What is the salary range for the Business Analyst position at Sutoer?
job-00710,What qualifications are required for the Business Analyst role?
job-00711,What is the salary range for the Business Analyst position at CreditNinja?
job-00711,What qualifications are required for this Business Analyst role?
job-00712,What are the key responsibilities of the Business Analyst position?
job-00712,What is the salary estimate for the Business Analyst role at Chicago Public Schools?
job-00713,"What is the salary range for the Business Analyst position at TEKsystems, Inc?"
job-00713,What specific experience is required for candidates applying for the Business Analyst role?
job-00714,What is the salary range for the Business Analyst - Telecom Billing position?
job-00714,What key responsibilities does the Business Analyst have related to technology applications?
job-00715,What is the salary range for the Senior Business Systems Analyst position at CF Industries?
job-00715,What are the main responsibilities of the Senior Business Systems Analyst role?
job-00716,What is the salary estimate for the Senior Business Analyst position?
job-00716,What type of degree is required for this position?
job-00717,What is the salary range for the Commerce Business Analyst position at Avionos?
job-00717,What are the key responsibilities of a Commerce Business Analyst at Avionos?
job-00718,What is the salary estimate range for the Data Analyst position?
job-00718,What are the minimum skills and competencies required for this role?
job-00719,What is the salary range for the Senior Business Analyst position?
job-00719,What qualifications are required for the Senior Business Analyst role at Molson Coors Brewing Company?
job-00720,What is the salary range for the Technical Business Analyst position at NextCapital?
job-00720,What qualifications are required to apply for the Technical Business Analyst role?
job-00721,What is the salary range for the Cyber Defense Response Analyst I position at CME Group?
job-00721,What are the primary responsibilities of the Cyber Defense Analyst (Response I) position?
job-00722,What is the salary range for the Business Analyst position at Cyber Korp?
job-00722,What level of experience is required for the Business Analyst role?
job-00723,What is the salary range for the Business Analyst position at HR Pundits?
job-00723,What specific skills are required for the Business Analyst role?
job-00724,What are the primary responsibilities of the Business Data Analyst at Feeding America?
job-00724,What is the salary range for the Business Data Analyst position?
job-00725,What is the salary estimate range for the Data Analyst position at NCSA?
job-00725,What qualifications are required for the Data Analyst role at NCSA?
job-00726,What is the salary range for the Technical Consultant - Modern Data Practice position?
job-00726,"What are some of the responsibilities of the Technical Consultant in the Data, Automation and AI team?"
job-00727,What is the salary range for the Business Analyst position at Illinois Action for Children?
job-00727,What are the essential duties and responsibilities of the Business Analyst of Quality Improvement?
job-00728,What qualifications are required for the Business Analyst position?
job-00728,What is the salary range for the Business Analyst role at The Alexander Group?
job-00729,"What is the salary range for the Entry Level Business Analyst position at Staffigo Technical Services, LLC?"
job-00729,What are the primary responsibilities of an entry-level business analyst in this job listing?
job-00730,What is the salary estimate range for the Senior Consultant - DevOps position?
job-00730,What experience is required in programming languages for this role?
job-00731,What is the salary range for the Sales Operations Analyst position at Sprout Social?
job-00731,What specific experience is required for applicants to be considered for this role?
job-00732,What is the salary range for the Information Security Project Manager I/Business Analyst position?
job-00732,What qualifications are required for this entry-level position at CME Group?
job-00733,What is the salary estimate for the Business Systems Analyst position?
job-00733,What are the required qualifications for the Business Systems Analyst role?
job-00734,What is the salary range for the Business Analyst position at Global Bridge InfoTech Inc.?
job-00734,What are the preferred qualifications for the Senior Business Analyst role?
job-00735,What is the salary range for the Business Analyst position at Thermo Fisher Scientific?
job-00735,What are the key responsibilities of the Business Analyst role in relation to service analytics?
job-00736,What is the salary range for the Sr. Business Analyst position at Avionos?
job-00736,What are the primary responsibilities of a Business Analyst at Avionos?
job-00737,What is the salary range for the Business Analyst position at Medix?
job-00737,Is previous experience in the healthcare industry required for the Business Analyst role?
job-00738,What is the salary estimate for the Senior Business Analyst position at Redwood Logistics?
job-00738,What qualifications are required for the Senior Business Analyst role?
job-00739,What is the salary range for the Business Analyst position at Ventas?
job-00739,What qualifications are required for the Business Analyst role in Office Asset Management?
job-00740,What is the salary range for the Business Analyst position at Griffith Foods?
job-00740,What are the primary responsibilities of the Business Analyst role?
job-00741,What is the salary estimate for the Business Analyst position?
job-00741,What type of company is Computer Aid and how many employees does it have?
job-00742,What is the salary range for the Business Operations Analyst position at AXIOM?
job-00742,In which city is the Business Operations Analyst role based?
job-00743,"What is the salary range for the Business Analyst position at Metasys Technologies, Inc.?"
job-00743,What specific experience is preferred for candidates applying for the Business Analyst role regarding industry knowledge?
job-00744,What is the salary range for the Business Analyst position?
job-00744,In what location is the Business Analyst position based?
job-00745,What is the salary range for the Business Intelligence Analyst position at MDLIVE Inc?
job-00745,What educational qualifications are required for the Business Intelligence Analyst role?
job-00746,"What is the salary range for the Lead, Business System Analyst position at CF Industries?"
job-00746,"What are the primary responsibilities of the Lead, Business System Analyst at CF Industries?"
job-00747,What is the salary range for the Analyst position at Kraft Heinz Company?
job-00747,What are the primary responsibilities of the Consumer Information Analyst role?
job-00748,What is the salary range for the Business Analyst position at Wolters Kluwer?
job-00748,What are the primary responsibilities of the Business Analyst role?
job-00749,What are the primary responsibilities of the Business Systems Analyst position?
job-00749,What is the salary estimate range for the Business Systems Analyst position at the University of Chicago?
job-00750,What is the salary range for the Technical Business Analyst position at SoftVision?
job-00750,What qualifications are required for the Technical Business Analyst role at SoftVision?
job-00751,What is the salary range for the Senior Business Analyst position at JPMorgan Chase?
job-00751,What location is the Senior Business Analyst position based in?
job-00752,What is the salary range for the Business Analyst position at Harris & Harris?
job-00752,What are the key responsibilities of the Business Analyst in the Information Technology department?
job-00753,What is the salary range for the Computer System Analyst position at Intellisys Technology?
job-00753,What specific qualifications are required for the Computer System Analyst role?
job-00754,What are the required skills for the ERP Technical Business Analyst position?
job-00754,What is the salary range for the ERP Technical Business Analyst role at Unicorn Technologies?
job-00755,"What is the salary range for the Senior Analyst, Data & Analytics position at Kraft Heinz Company?"
job-00755,"What are the key responsibilities of the Senior Analyst, Data & Analytics role?"
job-00756,What is the salary range for the Business Analyst position at JLL?
job-00756,What are the required qualifications for the Business Analyst role at JLL?
job-00757,"What is the salary range for the Business Systems Analyst position at CCC Information Services, Inc.?"
job-00757,What are the primary responsibilities of a Business Systems Analyst at CCC?
job-00758,What is the salary range for the Business Information Analyst position at Kemper?
job-00758,In which locations is the Business Information Analyst position available?
job-00759,What is the salary range for the Business Analyst position at Oak Street Health?
job-00759,What educational qualifications are required for the Business Analyst role?
job-00760,What is the salary range for the Business Analyst position at TransTech LLC?
job-00760,What educational qualifications are required for the Business Analyst role?
job-00761,What is the salary estimate for the Business Analyst position at INTRALOT INC?
job-00761,What specific responsibilities does the Business Analyst have in relation to customer interaction and software testing?
job-00762,What salary range can a Business Analyst at RiverPoint expect?
job-00762,In which location is the Business Analyst - Consultant position based?
job-00763,What is the salary range for the Business Analyst position at RiverPoint?
job-00763,What are the primary responsibilities of the Business Analyst role at RiverPoint?
job-00764,What is the salary range for the Business Analyst position at Streamline Healthcare?
job-00764,What are the main responsibilities of the Business Analyst role in relation to customer implementations?
job-00765,What is the salary estimate for the Business Analyst position at Cynergies Solutions Group?
job-00765,What is the primary responsibility of the Business Analyst in relation to the Core Banking Systems Strategy?
job-00766,What is the salary range for the Business Analyst position at Lorven Technologies Inc?
job-00766,What specific industry expertise is required for the Business Analyst role?
job-00767,What are the main responsibilities of the Sales Operations Analyst at Morningstar?
job-00767,What is the salary estimate range for the Sales Operations Analyst position?
job-00768,What is the salary range for the Business Intelligence Analyst positions?
job-00768,What are the minimum experience requirements for the Business Intelligence Analyst II role?
job-00769,What is the salary range for the Business Technical Analyst position?
job-00769,What are the primary responsibilities of the Sr. Business Technical Analyst?
job-00770,What is the salary range for the Business Analyst position at Champs Sports?
job-00770,What type of degree is required for the Business Analyst position?
job-00771,What is the salary estimate for the Social Media Analyst position at Scotts Miracle-Gro?
job-00771,What are the key responsibilities of the Social Media Analyst role?
job-00772,What is the salary range for the Business Analysis position at MMC Group?
job-00772,What are the key responsibilities of the Business Analyst in this role?
job-00773,What is the salary estimate range for the Business Analyst position?
job-00773,What are the required qualifications for the Business Analyst role?
job-00774,What is the salary range for the Business Analyst position at RGP?
job-00774,What are the key responsibilities of the Business Analyst role at RGP?
job-00775,What is the salary range for the Senior Product Analyst position at Aetna?
job-00775,What are the primary responsibilities of the Senior Product Analyst in the scrum team?
job-00776,What is the salary range for the Business Analyst position at Consultinus?
job-00776,What location is the Business Analyst position based in?
job-00777,What is the salary estimate for the Business Analyst position at TechUSA?
job-00777,What qualifications are required for the Business Analyst role?
job-00778,What is the salary estimate range for the Technical Business Analyst position at Arrow Digital?
job-00778,"What qualifications are required for the Technical Business Analyst role, specifically regarding experience and education?"
job-00779,What is the salary estimate for the Business Analyst position at Veterans Sourcing Group?
job-00779,What are the main responsibilities of the Business Analyst in the Chicago office?
job-00780,What is the salary range for the Business Immigration Analyst position?
job-00780,What qualifications are required for the Business Immigration Analyst role?
job-00781,What is the salary range for the Business Analyst position at Kalven Technologies?
job-00781,Where is Kalven Technologies located?
job-00782,What is the salary estimate for the Implementation Analyst position?
job-00782,What are the key responsibilities of an Implementation Analyst at bswift?
job-00783,"What is the salary estimate for the Business Analyst, Customer Portal position at Inteliquent?"
job-00783,"What are the primary responsibilities of the Business Analyst, Customer Portal?"
job-00784,What is the salary estimate for the Business Analyst Training and Placement position?
job-00784,What qualifications are required for the Business Analyst Training and Placement position?
job-00785,What is the salary range for the SEO & Content Analyst position at Perfect Search Media?
job-00785,What are the primary responsibilities of the SEO & Content Analyst at Perfect Search Media?
job-00786,What is the salary range for the Business Analyst position at R1 RCM?
job-00786,What kind of experience is required for the Business Analyst role in terms of years and industry?
job-00787,What is the salary range for the Business Analyst position at Connexson LLC?
job-00787,What educational qualifications are required for the Business Analyst role?
job-00788,What are the primary responsibilities of the Engineering Business Analyst Manager at Grainger?
job-00788,"What is the salary estimate range for the Mgr, Engineering Business Analysis position?"
job-00789,What is the salary range for the Technical Business Analyst position at 10th Magnitude?
job-00789,What are the primary responsibilities of a Technical Business Analyst at 10th Magnitude?
job-00790,What is the salary range for the Business Analyst position?
job-00790,Is experience with SAP required for this job?
job-00791,What is the salary range for the Business Analyst position at The Judge Group?
job-00791,What are the primary responsibilities of the Business Analysts in this role?
job-00792,What is the salary range for the Business Analyst position?
job-00792,In which location is the Business Analyst position based?
job-00793,What is the salary range for the Business Analyst III position?
job-00793,What are the minimum educational and experience requirements for this role?
job-00794,What is the salary estimate for the Technical Business Analyst position at Crystal Equation?
job-00794,What qualifications and experience are required for the Technical Business Analyst role?
job-00795,What are the primary responsibilities of the Senior Business Analyst at Axiom?
job-00795,What is the salary range for the Senior Business Analyst position at Axiom?
job-00796,What is the salary estimate for the Business Analyst position?
job-00796,What are the primary responsibilities of the Business Analyst role?
job-00797,What is the salary range for the Business Analyst Consultant position at TalentDash?
job-00797,In which city is the Business Analyst Consultant position based?
job-00798,What is the salary range for the Hybris Business Analyst position at SMITH?
job-00798,Where is the Hybris Business Analyst position located?
job-00799,What is the salary range for the Sr. Business Analyst position?
job-00799,In which city is the Sr. Business Analyst role located?
job-00800,What is the salary estimate for the Junior Business Analyst position?
job-00800,What are the primary responsibilities of the Junior Business Analyst role?
job-00801,What are the primary responsibilities of the Cloud Business Analyst at 10th Magnitude?
job-00801,What is the salary range for the Cloud Business Analyst position?
job-00802,What is the salary range for the Principal Analyst position?
job-00802,What types of data will the Principal Analyst be working with?
job-00803,"What is the salary range for the Analyst, Business Process Outsourcing position at Argo Group US?"
job-00803,"What are the key responsibilities associated with the Analyst, Business Process Outsourcing role?"
job-00804,What is the salary estimate range for the eCommerce Business Analyst position?
job-00804,What qualifications are required for the eCommerce Business Analyst role at Thanx Media?
job-00805,What is the salary range for the Business Systems Analyst position at RGP?
job-00805,What are the key responsibilities of a Business Systems Analyst at RGP?
job-00806,"What is the salary range for the Developer, Business Intelligence position at divvyDOSE?"
job-00806,"Where is divvyDOSE located, and is the position open to remote employees?"
job-00807,What is the salary estimate for the Jr. Business Intelligence Analyst position at IFG Companies?
job-00807,What qualifications are required for the Jr. Business Intelligence Analyst role?
job-00808,What is the salary estimate for the Business Management Analyst position?
job-00808,What are the primary responsibilities of the Business Management Analyst at Northrop Grumman?
job-00809,What is the salary estimate range for the Financial Business Analyst position at Focus Management Group?
job-00809,What are the main areas of concentration for the Financial Business Analyst role?
job-00810,What is the salary range for the Business Analyst / Data Analyst position?
job-00810,What kind of experience or tools are required for this role?
job-00811,What is the salary range for the Sr Business Analyst position at Global Bridge InfoTech Inc.?
job-00811,What are the key responsibilities and qualifications required for the Sr Business Analyst role?
job-00812,What is the salary range for the Business Intelligence Analyst position at IFG Companies?
job-00812,Where is the Business Intelligence Analyst position located?
job-00813,What qualifications are required for the Business Operations Analyst position at Argo Group?
job-00813,What is the salary range for the Business Operations Analyst role?
job-00814,What is the salary range for the Support Analyst position at Oracle?
job-00814,What are the key responsibilities of the Support Analyst role?
job-00815,What is the salary range for the Sr Manager - Business Analyst position?
job-00815,What are the main responsibilities of a Business Analyst in the National Tax Technology team at RSM?
job-00816,What is the salary range for the Business Analyst - III position at DISYS?
job-00816,What are the educational requirements for the Business Analyst - III role?
job-00817,What is the salary estimate for the Business Analyst position at Walgreens?
job-00817,What are the basic qualifications required for this Business Analyst role?
job-00818,What is the salary estimate for the Data Analyst position at Undertone?
job-00818,What are the primary responsibilities of the Data Analyst as described in the job listing?
job-00819,What is the salary estimate for the Data Analyst position at BMO Financial Group?
job-00819,What qualifications are required for the Data Analyst role at BMO Financial Group?
job-00820,What is the salary range for the Business Systems Analyst position at Kalven Technologies?
job-00820,What educational qualifications are required for the Business Systems Analyst role?
job-00821,What is the salary range for the Business Analyst II position?
job-00821,What type of contractual arrangement is offered for the Business Analyst II role?
job-00822,What is the salary range for the Business Analyst position at Pinkus Partners?
job-00822,What are the primary responsibilities of a Salesforce Business Analyst at this company?
job-00823,What is the salary range for the Business Systems Analyst position at ERP Operating Limited Partnership?
job-00823,What qualifications and experience are required for the Business Systems Analyst role?
job-00824,What is the salary range for the Business System Analyst position?
job-00824,What type of industry experience is preferred for candidates applying to this role?
job-00825,What is the salary range for the Business Operations Analyst position at U.S. Cellular?
job-00825,What qualifications are required for the Business Operations Analyst role?
job-00826,What is the salary estimate for the Senior Business Systems Analyst position at Motorola Solutions?
job-00826,What are the basic qualifications required for the Senior Business Systems Analyst role?
job-00827,What is the salary range for the Business Intelligence Analyst position at PDI?
job-00827,What are the primary responsibilities of the Business Intelligence Analyst role at PDI?
job-00828,What is the salary estimate for the Business Analyst / Project Manager position at Kairos Technologies?
job-00828,Where is the location of Kairos Technologies for the Business Analyst / Project Manager role?
job-00829,What is the salary range for the Business Analyst Level-1 position?
job-00829,What is the minimum educational requirement for this role?
job-00830,What is the salary range for the Data Analyst position at Ann & Robert H. Lurie Children's Hospital of Chicago?
job-00830,What educational qualifications are required for the Data Analyst position?
job-00831,What is the salary range for the Analyst I - Pharm Info Systems position?
job-00831,What qualifications are required for the Analyst I - Pharm Info Systems position?
job-00832,What is the salary range for the Business Analyst position?
job-00832,What are the primary responsibilities of the Business Analyst within the Business Intelligence Scrum Team?
job-00833,What are the primary responsibilities of the Business Analyst role at RiverPoint?
job-00833,What is the salary range for the Business Analyst position?
job-00834,What is the salary range for the Data Analyst position at ServiceNow?
job-00834,What qualifications are required for the Data Analyst role at ServiceNow?
job-00835,What is the salary range for the Salesforce Business Analyst position at Acumen Solutions?
job-00835,What are the main responsibilities of a Salesforce Business Analyst at Acumen Solutions?
job-00836,What is the salary range for the Senior Business Analyst/CPQ Consultant position?
job-00836,What qualifications are required for this role at Pierce Washington?
job-00837,What is the salary range for the Business Analyst – Technical position at Sutoer?
job-00837,What are the primary responsibilities of the Business Analyst – Technical role?
job-00838,What is the salary range for the HRIS Business Analyst position at TalentDash?
job-00838,What type of organization is TalentDash and where is it headquartered?
job-00839,What is the salary range for the Oracle Retail / Financials - Business Analyst position?
job-00839,What qualifications are required for the Business Analyst role in terms of experience with Oracle ERP systems?
job-00840,What is the salary range for the Senior Workday Human Capital Management Analyst position?
job-00840,What qualifications are required for this role?
job-00841,What is the salary range for the Business Analyst position at Trionfo Solutions?
job-00841,What educational qualifications are preferred for the Technical Business Analyst role?
job-00842,What is the salary range for the Sr. Pricing Analyst position at True Value?
job-00842,What are the primary responsibilities of the Sr. Pricing Analyst at True Value?
job-00843,What is the salary range for the Business Analyst position at Make Corporation?
job-00843,What are the preferred qualifications for the Business Analyst role?
job-00844,What is the salary range for the Business Analyst position at JPMorgan Chase & Co.?
job-00844,What qualifications are required for the Business Analyst role?
job-00845,"What are the main responsibilities of the Attribute Data Analyst at SPINS, LLC?"
job-00845,What is the salary range for the Attribute Data Analyst position?
job-00846,What is the salary estimate range for the Jr. Business Analyst position?
job-00846,What qualifications are required for applying to the Jr. Business Analyst role?
job-00847,What is the salary estimate range for the Business Systems Analyst position at Rexnord Corporation?
job-00847,Where is the Business Systems Analyst position located?
job-00848,What is the salary range for the Library Information Sciences Business Consultant position?
job-00848,What type of experience is preferred for candidates applying for this role?
job-00849,What is the salary range for the Technical Business Analyst position at Softvision?
job-00849,What qualifications are required for the Technical Business Analyst role?
job-00850,What is the salary range for the FMLA Business Support Analyst position?
job-00850,What qualifications are required for the FMLA Business Support Analyst role?
job-00851,What is the salary range for the Salesforce Business Analyst position?
job-00851,In which location is the Salesforce Business Analyst role based?
job-00852,What is the salary range for the Business Intelligence Analyst position at Athletico?
job-00852,What qualifications are required for the Business Intelligence Analyst role?
job-00853,What is the salary range for the Technical Business Analyst position at TalentDash?
job-00853,What educational qualifications are required for the Technical Business Analyst role?
job-00854,What is the salary range for the Data Production Analyst position?
job-00854,What are the main responsibilities of the Data Production Analyst?
job-00855,What is the salary estimate for the Business Intelligence Analyst position at PDI Software?
job-00855,What responsibilities does the Business Intelligence Analyst have in relation to client onboarding?
job-00856,What is the salary range for the Business Analyst position at IVY Tech Solutions?
job-00856,What qualifications are required for the Business Analyst role at IVY Tech Solutions?
job-00857,What is the salary estimate for the Financial Business Analyst position?
job-00857,What are the preferred qualifications for applicants applying for this role?
job-00858,What is the salary range for the Project Manager/Business Analyst position at Citadel?
job-00858,What are the key responsibilities of the Project Manager/Business Analyst within the Reference Data Operations team?
job-00859,What is the salary range for the Business Analyst position at mitiweb?
job-00859,What minimum experience is required for applicants to this Business Analyst role?
job-00860,What is the salary range for the Business Analyst Pharmacy Purchasing position at Walgreens?
job-00860,What qualifications are preferred for this role at Walgreens?
job-00861,What are the primary responsibilities of a Business Analyst at SDI Presence LLC?
job-00861,What is the salary range for the Business Analyst position at SDI Presence LLC?
job-00862,What is the salary estimate for the Jr. Business Analyst position?
job-00862,What are the qualifications required for the Jr. Business Analyst role?
job-00863,What are the key responsibilities of the Technical Business Analyst position?
job-00863,What is the salary range for the Technical Business Analyst role?
job-00864,What is the salary range for the Data Analyst position at Diverse Lynx?
job-00864,What are the required skills for the Data Analyst role?
job-00865,What is the salary estimate for the Business Analyst position?
job-00865,What are the required qualifications for the Business Analyst role?
job-00866,"What is the salary range for the Senior Business Analyst position at Avacend, Inc.?"
job-00866,"What qualifications are required for the position, specifically regarding educational background?"
job-00867,What is the salary range for the Sr. Business Analyst position?
job-00867,What type of experience is mandatory for this role?
job-00868,What is the salary range for the Business Systems Analyst position at Equity Residential?
job-00868,What type of experience is required for the Business Systems Analyst role?
job-00869,What is the salary range for the Technical Business Analyst position at TEKsystems?
job-00869,In which location is the Technical Business Analyst position based?
job-00870,What is the salary range for the Business Analyst IV position?
job-00870,What are the qualifications required for the Business Analyst IV role?
job-00871,What is the salary range for the Business Analyst III position at ICONMA?
job-00871,What are the required qualifications for the Business Analyst III role?
job-00872,"What is the salary range for the Business Analyst position at Clandestine Development, Inc?"
job-00872,What are the core skills required for the Business Analyst role?
job-00873,What is the salary range for the Web Business Analyst position at RiverPoint?
job-00873,What are the key responsibilities of the Web Business Analyst role?
job-00874,What is the salary range for the Procurement Analyst position at CF Industries?
job-00874,In which city is the Procurement Analyst position located?
job-00875,What are the primary responsibilities of the IS Business Analyst position?
job-00875,What is the salary range for the IS Business Analyst position at Next Step Systems?
job-00876,What are the key responsibilities of the SAP Business Analyst position at Harris & Harris?
job-00876,What is the salary range for the SAP Business Analyst role?
job-00877,What is the salary estimate for the Business Analyst position at Walgreens?
job-00877,Where is the Business Analyst Pharmacy & Retail Operations position located?
job-00878,What is the salary estimate for the Consultant/Senior Consultant - Terminal Planner position?
job-00878,What are the key responsibilities of the Consultant/Senior Consultant - Terminal Planner?
job-00879,What is the salary range for the Data Analyst position at Maine Pointe?
job-00879,What are the primary responsibilities of the Data Analyst in this role?
job-00880,What is the salary range for the Business Analyst position at Georgia IT Inc.?
job-00880,What are the preferred qualifications for the Business Analyst role in Chicago?
job-00881,What is the salary estimate range for the Sr. Engineering Business Analyst position at Grainger?
job-00881,What qualifications are preferred for the Sr. Engineering Business Analyst role?
job-00882,What is the salary range for the Business System Analyst position?
job-00882,What educational qualifications are required for this role?
job-00883,What are the key responsibilities of the Business Analyst role?
job-00883,"What is the salary range for the Business Analyst position at Staffigo Technical Services, LLC?"
job-00884,What is the salary range for the SAP Data Analyst position at Old World Industries?
job-00884,What are the primary responsibilities of the Data Analyst in the OWI Analytic team?
job-00885,What is the salary range for the Pharma Business Analyst position at Net2Source Inc.?
job-00885,What specific experience is required in manufacturing systems for the Pharma Business Analyst role?
job-00886,What is the salary range for the Financial Data Exchange Business Analyst position?
job-00886,Is the position for the Business Analyst role available for remote work?
job-00887,What is the salary range for the Marketing Analyst position?
job-00887,What are the key responsibilities of the Marketing Analyst role at Applications Software Technology LLC?
job-00888,What is the salary range for the Business Systems Analyst position at Infinity Consulting Solutions?
job-00888,What are the primary responsibilities of the Business Systems Analyst in relation to the Microsoft DynamicsNAV ERP application?
job-00889,What is the salary range for the Senior Analyst position at Kraft Heinz Company?
job-00889,What qualifications are preferred for the Senior Analyst role in Finance?
job-00890,What is the salary range for the Fixed Income Lead QA/Business Analyst position at Morningstar?
job-00890,What are the primary responsibilities of the Fixed Income Lead QA/Business Analyst in this role?
job-00891,What is the salary range for the Senior Analyst position?
job-00891,What are the primary responsibilities of the Senior Analyst role?
job-00892,What is the salary range for the Business Security Analyst position at INTL FCStone?
job-00892,What are the primary responsibilities associated with the Business Security Analyst role?
job-00893,What qualifications are required for the Sr. Business Analyst position?
job-00893,What is the salary range for the Sr. Business Analyst role?
job-00894,What is the salary range for the IT Business Analyst position?
job-00894,What industry experience is required for the IT Business Analyst role?
job-00895,What is the salary range for the Product Data Analyst position?
job-00895,What type of company is Mondo and what industry does it operate in?
job-00896,What is the salary estimate for the Financial Analyst position at Exelon Corporation?
job-00896,What qualifications are required for the Financial Analyst position?
job-00897,What is the salary estimate for the Senior Business Resiliency Analyst position at William Blair?
job-00897,What qualifications are required for the Senior Business Resiliency Analyst role at William Blair?
job-00898,What is the salary range for the Business Analyst II position?
job-00898,Where is APN Software Services Inc. located?
job-00899,What is the salary range for the Analyst position at Riskonnect?
job-00899,What qualifications are required for the Analyst role?
job-00900,What is the salary range for the Product Manager / Business Analyst position?
job-00900,In which city is the job located?
job-00901,"What is the salary range for the Analyst, Strategy & Advanced Analytics position at Ventas?"
job-00901,"What are the primary responsibilities for the Analyst, Strategy & Advanced Analytics role?"
job-00902,What is the salary range for the IT Business Analyst II position?
job-00902,What type of methodologies will I be working with in this role?
job-00903,What is the expected salary range for the Operations Analyst position at IRI?
job-00903,What industries does the Bulk Extract Project Manager Analyst primarily serve?
job-00904,What is the location of the Plex Business Process Analyst position?
job-00904,What educational qualifications are required for this role?
job-00905,What are the minimum requirements for the Marketing Analyst position?
job-00905,What is the salary range for the Marketing Analyst position at Uline?
job-00906,What is the salary range for the Business Analyst position at w3r Consulting?
job-00906,What are the required qualifications for the Business Analyst position in the healthcare industry?
job-00907,What is the salary estimate for the Data Analyst position at UST Global?
job-00907,What are the main responsibilities of a Data Analyst at UST Global?
job-00908,What is the salary range for the Data Analyst position at Peterson Technology Partners?
job-00908,What qualifications are required for the Data Analyst role in terms of education and experience?
job-00909,What are the responsibilities of the Data Analyst role at Care Advisors?
job-00909,What is the salary range for the Data Analyst position at Care Advisors?
job-00910,What is the salary range for the Business Intelligence Tableau Analyst position at Guaranteed Rate?
job-00910,What are the primary responsibilities of the Business Intelligence Tableau Analyst at Guaranteed Rate?
job-00911,What is the salary range for the Business Analyst II position at LanceSoft Inc?
job-00911,What are the educational and experience requirements for the Business Analyst II role?
job-00912,What is the salary estimate for the Senior Business Analyst position?
job-00912,What type of projects may the Senior Business Analyst manage within the CRSO Channel?
job-00913,What are the primary responsibilities of the Research Data Analyst position?
job-00913,What is the salary range for the Research Data Analyst position?
job-00914,What are the main responsibilities of the Data Analyst position at Chicago Public Schools?
job-00914,What is the salary range offered for the Data Analyst position?
job-00915,What is the salary range for the Sr. Business Analyst position at Zing Health?
job-00915,What are the primary responsibilities of the Sr. Business Analyst role?
job-00916,What is the salary range for the Operations Analyst position at Revantage Corporate Services?
job-00916,What are the key responsibilities of the Operations Analyst in relation to data management and reporting?
job-00917,What is the salary range for the Financial Business Analyst position?
job-00917,Where is the Financial Business Analyst position located?
job-00918,What is the salary range for the Business Analyst - Entry Level position?
job-00918,What minimum qualifications are required for this role?
job-00919,What is the salary range for the Corporate Financial Analyst position at The AZEK Company?
job-00919,What type of degree is required for the Corporate Financial Analyst position?
job-00920,What is the salary range for the Sr Business Analyst position at Solekai Systems Corp?
job-00920,In which city is the Sr Business Analyst position located?
job-00921,"What is the salary range for the Data Analyst position at Level Ex, Inc.?"
job-00921,What are the main responsibilities of a Data Analyst at Level Ex?
job-00922,What is the salary range for the Entry Level Accenture Infrastructure Advisory Analyst position?
job-00922,In which city is the Entry Level Accenture Infrastructure Advisory Analyst position located?
job-00923,What is the salary range for the Business Analyst position at the University of Chicago Medicine?
job-00923,What qualifications are required for the Business Analyst role in Finance & Accounts Payable?
job-00924,What is the salary range for the Application Support Analyst position at Ascend Technologies?
job-00924,In which location is the Application Support Analyst position based?
job-00925,"What is the salary range for the Senior Analyst, Workday position at Morningstar?"
job-00925,"What are the primary responsibilities of the Senior Analyst, Workday in the HRIS team?"
job-00926,What is the salary range for the Junior Agile Business Analyst/Product Owner position?
job-00926,What are some key responsibilities of the Junior Business Analyst in this role?
job-00927,What is the salary range for the BI Analyst position at Trianz?
job-00927,What qualifications are required for the BI Analyst role at Trianz?
job-00928,What is the salary range for the PMO Business Analyst III position?
job-00928,"What are the primary responsibilities of the PMO Business Analyst III at PrivateBancorp, Inc.?"
job-00929,What is the salary range for the Sr Business Analyst position at UpStream Global Services?
job-00929,What qualifications are preferred for the Sr Business Analyst role?
job-00930,What is the salary estimate for the Salesforce Administrator - Jr. Business Analyst position?
job-00930,What qualifications are required for the ideal candidate applying for this position?
job-00931,What is the salary range for the Junior Business Analyst position?
job-00931,What qualifications are required for the Business Analyst Junior role?
job-00932,What is the salary range for the Microsoft Dynamics CRM Data Analyst position?
job-00932,What are the primary responsibilities of a Microsoft Dynamics CRM Data Analyst at IBM?
job-00933,What is the salary range for the Business Analyst position?
job-00933,What educational qualifications are required for this role?
job-00934,What is the salary estimate for the Entry level - Business Analyst position?
job-00934,What qualifications are preferred for the Entry level - Business Analyst role?
job-00935,What is the salary estimate for the Business Systems Analyst position at TeamBradley?
job-00935,What qualifications are preferred for the Business Systems Analyst role?
job-00936,What is the salary estimate for the Business Analyst position?
job-00936,What educational qualifications are required for the Business Analyst role?
job-00937,"What is the salary estimate for the Sr. Business Analyst, SAP position?"
job-00937,"Is the Sr. Business Analyst, SAP role a remote position?"
job-00938,"What is the salary estimate for the Portfolio Management Analyst position at General Growth Properties, Inc.?"
job-00938,What are the key responsibilities of the Portfolio Management Analyst as outlined in the job description?
job-00939,What is the salary range for the Product Analyst position?
job-00939,What are the primary responsibilities of the Product Analyst at Park Hudson International?
job-00940,What is the salary range for the Business Analyst - II position at BCforward?
job-00940,What are the main responsibilities of the Business Analyst - II role?
job-00941,What is the salary estimate range for the Sr. Business Analyst - SAP WM/LE position?
job-00941,What qualifications are required for the Sr. Business Analyst - SAP WM/LE position?
job-00942,What is the salary range for the Product Analyst position at Belvedere Trading?
job-00942,What are the main responsibilities of a Product Analyst at Belvedere Trading?
job-00943,"What is the salary range for the ERP Technical Business Analyst position at Unicorn Technologies, LLC?"
job-00943,What specific qualifications are required for the ERP Technical Business Analyst role?
job-00944,What is the salary range for the Project Financial Analyst position at JENSEN HUGHES?
job-00944,What qualifications are required for the Project Financial Analyst role?
job-00945,What is the salary range for the Business Analyst position at Apex Systems?
job-00945,What experience is preferred for the Business Analyst role in terms of industry background?
job-00946,What is the salary range for the Business Analyst-Entry level position?
job-00946,What qualifications are preferred for the Business Analyst-Entry level position?
job-00947,What is the salary range for the SAP HCM - Business Analyst position?
job-00947,What are the primary responsibilities of the SAP HCM - Business Analyst regarding SAP HCM and third party vendor systems?
job-00948,What is the salary estimate for the Federal - Business Process Analyst position?
job-00948,Where is the location of the job for the Federal - Business Process Analyst role?
job-00949,What is the salary range for the ENTRY LEVEL Business System Analyst position?
job-00949,What qualifications are required for the ENTRY LEVEL Business System Analyst role?
job-00950,What is the salary range for the Entry Level Analyst position?
job-00950,What type of degree is preferred for this job?
job-00951,What is the salary estimate for the Business Systems Analyst III position at Walgreens?
job-00951,What are the basic qualifications required for the Business Systems Analyst III role?
job-00952,What is the salary range for the Sales Operations Analyst position at Uline?
job-00952,What minimum qualifications are required for the Sales Operations Analyst role?
job-00953,What is the salary range for the Marketing Analyst position at Aquent?
job-00953,What qualifications are required for the Marketing Analyst - Merchandising Category Analyst role?
job-00954,What is the salary range for the Data Analyst position at Lorven Technologies Inc?
job-00954,What are the primary responsibilities associated with the Data Analyst role?
job-00955,What is the salary range for the Business Analyst – Salesforce position?
job-00955,What are the primary responsibilities of the Business Analyst – Salesforce at Reyes Beer Division?
job-00956,What is the salary range for the Business Intelligence Consultant position?
job-00956,What key responsibilities will the Business Intelligence Consultant have in this role?
job-00957,What is the salary range for the Data Analyst position at Green Key Resources?
job-00957,What are the main responsibilities of the Data Analyst role?
job-00958,What is the salary range for the Data Analyst position at TalentDash?
job-00958,In which city is the Data Analyst position located?
job-00959,What is the salary range for the Business Analyst position at CapB InfoteK?
job-00959,What are the primary responsibilities of the Business Analyst - Adobe Cloud Desktop?
job-00960,What is the salary range for the Kronos Business Analyst position at Diverse Lynx?
job-00960,Where is the job location for the Kronos Business Analyst role?
job-00961,What is the salary range for the Business Analyst Level-1 position?
job-00961,What qualifications are required for the Business Analyst Level-1 role?
job-00962,What is the salary estimate for the IT Business Analysis position at Motorola Solutions?
job-00962,What educational qualifications are required for applicants to this position?
job-00963,What is the salary range for the Marketing Analyst position at YCharts?
job-00963,What are the essential qualifications and skills required for the Marketing Analyst role?
job-00964,What are the main responsibilities of the Multi-Disciplined Program Analyst position?
job-00964,What is the salary range for the Program Analyst role at Kranze Technology Solutions?
job-00965,What is the salary range for the Business Technical Analyst position at True Group?
job-00965,What are the primary responsibilities of the Business Technical Analyst role?
job-00966,What qualifications are required for the Technical Consultant position?
job-00966,What is the salary range for the Technical Consultant role at Strata Decision Technology?
job-00967,What is the salary range for the Senior Data Analyst position at Braviant Holdings?
job-00967,What type of work environment can I expect at Braviant Holdings in Chicago?
job-00968,What is the salary estimate for the Sr. Salesforce Systems/Business Analyst position?
job-00968,What are the key responsibilities of the Sr. Salesforce Systems/Business Analyst role?
job-00969,What is the salary range for the Senior Business Systems Analyst position?
job-00969,What minimum qualifications are required for this role at ServiceNow?
job-00970,What is the salary range for the Lead Analyst IT/BI Developer position at Exelon Corporation?
job-00970,What key responsibilities are associated with the role of Lead Analyst IT/BI Developer?
job-00971,"What is the salary estimate for the Analyst, Configuration position at Evolent Health?"
job-00971,"What are the primary responsibilities of the Analyst, Configuration role?"
job-00972,What is the salary range for the Sales Operations Analyst position at PayPal?
job-00972,What educational qualifications are required for the Sales Operations Analyst role?
job-00973,What is the salary range for the Sr. Business Analyst position?
job-00973,What type of experience is preferred for the Business Analyst role?
job-00974,What is the salary range for the Business Analyst Sr position?
job-00974,What qualifications are required for the Business Analyst Sr position?
job-00975,What is the salary range for the Lead Business Analyst position at the American Association of Nurse Anesthetists?
job-00975,What are the key responsibilities of the Lead IT Business Analyst at the AANA?
job-00976,What is the salary estimate for the Business Analyst position at Sunnova?
job-00976,What are the primary responsibilities of the Business Analyst in Sunnova's Customer Care department?
job-00977,What is the salary range for the IT Applications - Business Analyst - Reporting position?
job-00977,Where is the corporate office for G&A Partners located?
job-00978,What type of support will I be providing to clients as a Product Analyst Measurement?
job-00978,What is the salary range for the Product Analyst Measurement position?
job-00979,What are the main responsibilities of the Product Analyst role at Quorum Business Solutions?
job-00979,What is the salary range for the Product Analyst position?
job-00980,What is the salary range for the Analyst position at TC Energy?
job-00980,What minimum qualifications are required for the Analyst role?
job-00981,"What is the salary range for the Business Analyst position at Noah Consulting, Inc.?"
job-00981,What is the minimum experience required in the upstream oil & gas energy sector for this role?
job-00982,What is the salary range for the Technical Support Analyst position at HCSS?
job-00982,"Where is HCSS located, and what is its company size?"
job-00983,What is the salary range for the Entry-Level IT Systems Analyst position at Reynolds and Reynolds?
job-00983,What responsibilities are expected from the Entry-Level IT Systems Analyst in this role?
job-00984,What is the salary range for the Entry Level Business Analyst position?
job-00984,What educational qualifications are required for this role?
job-00985,What is the salary range for the Credit Analyst position at Allegiance Bank?
job-00985,What are the essential duties required for the Credit Analyst role?
job-00986,What is the salary range for the Business Analyst position at MeadWestVaco?
job-00986,What type of degree is required for the Business Analyst role?
job-00987,What is the salary range for the Operations Financial Analyst position at Pattern Energy Group?
job-00987,What are the primary responsibilities of the Operations Financial Analyst as outlined in the job description?
job-00988,What is the salary range for the Product Analyst position?
job-00988,What are the primary responsibilities of the Product Analyst in this role?
job-00989,What is the salary range for the Business Analyst position at Genuent?
job-00989,What kind of educational qualifications are required for the Business Analyst role?
job-00990,What is the salary estimate for the Business Analyst I position at Crossfire Consulting?
job-00990,What are the educational qualifications preferred for the Business Analyst I role?
job-00991,What is the salary range for the Business Analyst position?
job-00991,Where is the Business Analyst position located?
job-00992,What is the salary estimate for the Application Support Analyst I position at Sunnova?
job-00992,What are the primary responsibilities of the Application Support Analyst I?
job-00993,What is the salary range for the Business Analyst position at Horne LLP?
job-00993,What kind of experience is required for the Business Analyst role?
job-00994,What is the salary range for the Solar Performance Analyst position at Sunnova?
job-00994,What are the educational requirements for the Solar Performance Analyst role?
job-00995,What is the salary range for the Entry Level Business Analyst position?
job-00995,What are the primary responsibilities of the Business Analyst role at Staffigo Technical Services?
job-00996,What is the salary range for the Business Analyst position at Mondo?
job-00996,What are some of the key responsibilities of the Salesforce Business Analyst role?
job-00997,What qualifications are preferred for the Business Analyst 1 position at Willis Towers Watson?
job-00997,What is the salary estimate for the Business Analyst 1 role?
job-00998,What are the primary responsibilities of the Business Analyst position?
job-00998,What is the salary range for the Business Analyst position at Genuine IT?
job-00999,What is the salary range for the Business Systems Analyst I position?
job-00999,What are the educational requirements for this job?
job-01000,What are the primary responsibilities of the Management Analyst position?
job-01000,What is the salary range for the Management Analyst position?
job-01001,What is the salary range for the Business Analyst III position at Cenergy?
job-01001,In which location is the Business Analyst III position based?
job-01002,What is the salary range for the Business Analyst position at Wolters Kluwer?
job-01002,What are the main responsibilities of the Business Analyst in relation to client projects?
job-01003,"What is the salary range for the Business Analyst I position at Sirvist HRC, LLC?"
job-01003,What are the minimum educational and experience requirements for this role?
job-01004,What is the salary range for the Customer Success Analyst position?
job-01004,What qualifications are required for the Customer Success Analyst role at Molecule?
job-01005,What is the salary range for the Business Systems Analyst position?
job-01005,What are the primary responsibilities of the Business Systems Analyst on the Production Reporting Team?
job-01006,What is the salary range for the Lead Specialist - IT Technical Business Analyst position?
job-01006,What specific software applications should the candidate be familiar with for this role?
job-01007,What is the salary range for the Business Systems & Operations Analyst position?
job-01007,What are the main responsibilities of the Business Systems & Operations Analyst at The Mom Project?
job-01008,What is the salary range for the Consulting Business Analyst position at EAG Services?
job-01008,What type of projects will the Consulting Business Analyst be involved in at EAG Services?
job-01009,What is the salary range for the Business Analyst position at Tundra?
job-01009,What educational qualifications are required for the Business Analyst role?
job-01010,What is the salary estimate for the Business Analyst position?
job-01010,What are the qualifications required for the Business Analyst role?
job-01011,"What is the salary range for the Product Analyst position at Quorum Business Solutions, Inc.?"
job-01011,What are the key responsibilities of the Product Analyst role?
job-01012,What is the salary range for the Business Analyst position at CBRE?
job-01012,What educational qualifications are required for the Business Analyst role?
job-01013,What is the salary range for the Business Analyst position at Competentia Holding?
job-01013,In which city is the Business Analyst position located?
job-01014,What is the salary estimate range for the Product and Data Analyst position at Entera?
job-01014,In which city is the Product and Data Analyst role located?
job-01015,"What is the salary range for the Analyst, Reporting & Position Control position at Phillips 66?"
job-01015,"What are the primary responsibilities of the Analyst, Reporting & Position Control role?"
job-01016,What is the salary range for the Business Analyst position?
job-01016,What are the primary responsibilities of the Business Analyst role?
job-01017,What is the salary range for the Business Analyst position?
job-01017,What are the core responsibilities of the Business Analyst role at Kelly Engineering Resources?
job-01018,What is the salary range for the Business Analyst position at Kairos Technologies?
job-01018,What are the essential functions and responsibilities of the Business Analyst role?
job-01019,What is the salary range for the Business Operations Analyst position at Baker Hughes?
job-01019,What essential responsibilities will the Business Operations Analyst have in this role?
job-01020,What is the salary range for the Business Analyst position at Power Costs Inc?
job-01020,In which cities does Power Costs Inc have offices?
job-01021,What is the salary estimate for the Business Analyst II position at Crossfire Consulting?
job-01021,What educational qualifications are required for the Business Analyst II role?
job-01022,What is the salary range for the Business Analyst position?
job-01022,What qualifications are required for the Business Analyst role in the Energy Industry?
job-01023,What is the salary range for the Financial Business Analyst position?
job-01023,What qualifications are required for the Financial Business Analyst role?
job-01024,What is the salary range for the Senior Consultant position at Amazon?
job-01024,What qualifications are required for the Senior Consultant role in Energy/Oil & Gas?
job-01025,What are the responsibilities of the Business Analyst III position at Cenergy International?
job-01025,What is the salary range for the Business Analyst III position?
job-01026,What is the salary range for the Data Analyst I position?
job-01026,What type of experience is required for the Data Analyst I role?
job-01027,What is the salary estimate for the Business Analyst position at eTeam Inc.?
job-01027,What qualifications are required for the Business Analyst role?
job-01028,What is the salary range for the Sr. Business Analyst position at Streebo?
job-01028,What are the main responsibilities of a Sr. Business Analyst at Streebo?
job-01029,What is the salary estimate for the Business Analyst position at iland?
job-01029,What are the primary responsibilities of the Business Analyst role as described in the job listing?
job-01030,What is the salary range for the Business Analyst position?
job-01030,What are the minimum qualifications required for a candidate applying for this job?
job-01031,What is the salary range for the Project Manager / Business Analyst position at Diversant LLC?
job-01031,What level of experience is required for the Project Manager / Business Analyst role?
job-01032,What is the salary range for the Data Analyst position at N.F. Smith & Associates?
job-01032,What are the primary responsibilities associated with the Data Analyst role?
job-01033,What is the salary range for the Senior Business Analyst position?
job-01033,What are the primary responsibilities associated with the Senior Business Analyst role?
job-01034,What is the salary range for the Technical Business Analyst position at JPMorgan Chase?
job-01034,In which city is the Technical Business Analyst position located?
job-01035,What is the salary range for the Enterprise ERP Business Analyst position?
job-01035,What is the location of the job for the Enterprise ERP Business Analyst position?
job-01036,What is the salary range for the Senior Business Analyst position?
job-01036,What industries does Covetrus operate in?
job-01037,What is the salary range for the Salesforce Business Analyst position?
job-01037,Is the Salesforce Business Analyst position remote or on-site?
job-01038,What is the salary range for the Business Analyst position at Kelly?
job-01038,What are the core responsibilities of the Business Analyst role?
job-01039,What is the salary range for the Business Analyst (PeopleSoft) position?
job-01039,What are the primary responsibilities associated with this job role?
job-01040,What is the salary estimate for the Geo Tech/Business Analyst position?
job-01040,What are the key responsibilities associated with the Geo Tech/Business Analyst role?
job-01041,What is the salary range for the Map Quality Analyst position at Lionbridge?
job-01041,What are the primary responsibilities of a Map Quality Analyst at Lionbridge?
job-01042,What is the salary range for the Business Analyst Associate position at Caliber Sourcing?
job-01042,"What qualifications are required for the Business Analyst Associate role in Houston, TX?"
job-01043,What are the main responsibilities of the IT Business Analyst at The Premier Resources Group?
job-01043,What is the salary range for the IT Business Analyst position?
job-01044,What is the salary range for the IT Business Analyst position at HealthHelp?
job-01044,Where is the location of the company headquarters for HealthHelp?
job-01045,"What is the salary estimate for the Business Analyst position in Houston, TX?"
job-01045,What qualifications are required to succeed in the Business Analyst role?
job-01046,What is the salary range for the Data Analyst position at McLane Global?
job-01046,What qualifications and experience are required for the Data Analyst role?
job-01047,What are the key responsibilities of the Business Analyst L3 role at Capgemini?
job-01047,What is the salary range for the Business Analyst L3 position?
job-01048,"What is the salary estimate for the Business Analyst II position at Sirvist HRC, LLC?"
job-01048,What responsibilities does the Business Analyst II have regarding data reporting and analysis?
job-01049,What is the salary range for the Business Analyst III position at Medicare?
job-01049,"What level of experience is required for the Business Analyst III role, specifically in the healthcare industry?"
job-01050,What responsibilities will I have as an Operations Analyst at Mondo?
job-01050,What is the salary range for the Operations Analyst position?
job-01051,What is the salary range for the Business Analyst IV position at Competentia Holding?
job-01051,What are the minimum qualifications required for the Business Analyst IV role?
job-01052,What is the salary estimate for the IT Business Analyst position at HealthHelp?
job-01052,What are the primary responsibilities of the Business Analyst in this role?
job-01053,What is the salary range for the Adobe Analytics Business Analyst position?
job-01053,What type of projects will the Adobe Analytics Business Analyst be managing?
job-01054,What is the salary range for the Business Analyst/Project Manager position?
job-01054,What qualifications are required for the Business Analyst/Project Manager role?
job-01055,What is the salary range for the Healthcare Business Analyst position at Altus ACE?
job-01055,What qualifications are required for the Healthcare Business Analyst role?
job-01056,What is the salary range for the Business Analyst - Postsales position at Streebo?
job-01056,What are the primary responsibilities of the Business Analyst - Postsales role at Streebo?
job-01057,What are the specific responsibilities of the IT Technical Analyst at Minute Maid Park?
job-01057,What is the salary range for the IT Technical Analyst position at Aramark?
job-01058,What qualifications are required for the Business Analyst position?
job-01058,Where is the company headquarters located?
job-01059,What is the salary range for the Business Analyst II position at Zolon Tech?
job-01059,What qualifications are required for the Business Analyst II position?
job-01060,What is the salary range for the Junior Business Analyst position at KGS Technology Group Inc?
job-01060,What are the key responsibilities associated with the Junior Business Analyst role?
job-01061,What responsibilities will the IS / IT Business Analyst have regarding business requirements?
job-01061,What is the salary range for the IS / IT Business Analyst position at AstuteOne?
job-01062,What is the salary estimate for the Business Analyst III position?
job-01062,What are the minimum educational and experience requirements for this role?
job-01063,What is the salary range for the Sr. Business Analyst position at AIG?
job-01063,What specific responsibilities does the Sr. Business Analyst have related to project management and business process improvements?
job-01064,What is the salary range for the Lead Business Analyst position?
job-01064,What qualifications are required for the Lead Business Analyst role?
job-01065,What is the salary range for the Data Analyst position at Pareto Systems?
job-01065,What qualifications are required for the Data Analyst role?
job-01066,What is the salary range offered for the PeopleSoft Business Analyst position at Imetris Corporation?
job-01066,What are the primary responsibilities of the PeopleSoft Business Analyst related to the PeopleSoft Financials platform?
job-01067,What is the salary range for the Data Analyst position at Smith and Associates?
job-01067,What qualifications are required for the Data Analyst role?
job-01068,What is the salary range for the Sr. Business Analyst position?
job-01068,What specific experience is required regarding the Energy Business for this role?
job-01069,What is the salary estimate for the PeopleSoft Business Analyst Senior position at Acara Solutions?
job-01069,What are the key responsibilities associated with the PeopleSoft Business Analyst Senior role?
job-01070,What is the required experience for the Business Analyst position?
job-01070,What is the salary range for the Business Analyst role at Recruiter.com?
job-01071,What is the salary range for the Data Governance Business Analyst position at Icon Consultants?
job-01071,What qualifications are necessary to apply for the Data Governance Business Analyst position?
job-01072,What is the salary estimate for the Report Analyst position at Sysco?
job-01072,What qualifications are required for the Report Analyst position?
job-01073,What is the salary range for the Internal Evaluator position at Allegiance Bank?
job-01073,What are the primary responsibilities of the Internal Evaluator related to property evaluations?
job-01074,What is the salary range for the GIS Business Analyst position at Diverse Lynx?
job-01074,What specific experience is required for this role related to the oil and gas industry?
job-01075,What are the primary responsibilities of the Microsystems Analyst 1 position?
job-01075,What is the salary estimate range for the Microsystems Analyst 1 role?
job-01076,What is the salary range for the Operations Business Analyst position at HealthHelp?
job-01076,What educational qualifications are required for the Operations Business Analyst role?
job-01077,"What is the salary estimate range for the Business Analyst, Consultant - Salesforce position at Guidehouse?"
job-01077,"What type of degree is preferred for the qualifications of the Business Analyst, Consultant - Salesforce role?"
job-01078,What is the salary range for the Business Process Analyst - Supply Chain position?
job-01078,What type of experience is required for this position?
job-01079,What is the salary range for the SAP Business Analyst position at 3degrees?
job-01079,What qualifications are required for the SAP Business Analyst role?
job-01080,What is the salary range for the Business Analyst Training and Placement position at Techpoint LLC?
job-01080,Where is Techpoint LLC located and what is its company size?
job-01081,"What is the salary range for the Business Analyst Level-1 position at Staffigo Technical Services, LLC?"
job-01081,What are the minimum qualifications required for the Business Analyst Level-1 role?
job-01082,What is the salary range for the Sales Business Analyst position at Mondo?
job-01082,Is the Sales Business Analyst position remote or on-site?
job-01083,What is the salary estimate for the Business Analyst position?
job-01083,What responsibilities does the Business Analyst have regarding collaboration with developers and stakeholders?
job-01084,What are the primary responsibilities of the Associate OTC Analyst position at Halliburton?
job-01084,What is the salary range for the Associate OTC Analyst position?
job-01085,What is the salary range for the Business Analyst III position at Icon Consultants?
job-01085,What qualifications are required for the Business Analyst III role?
job-01086,What is the salary range for the Sr. Business Analyst position at CTG?
job-01086,What qualifications are required for the Sr. Business Analyst role?
job-01087,What is the salary range for the Business Analyst II position at LanceSoft Inc?
job-01087,What are the educational requirements for the Business Analyst II role?
job-01088,What is the salary range for the Business Systems Analyst position at Excite Health Partners?
job-01088,What qualifications are required for the Business Systems Analyst role?
job-01089,What is the salary estimate for the Commodities Summer Analyst position at Citi?
job-01089,What qualifications are required for applicants to the Summer Analyst program in Houston?
job-01090,"What is the salary range for the Analyst, Business Process Outsourcing position at Argo Group US?"
job-01090,"What qualifications are required for the Analyst, Business Process Outsourcing role?"
job-01091,What is the salary range for the Senior Business Analyst position at Thusa Solutions?
job-01091,What qualifications are required for the Senior Business Analyst role?
job-01092,What is the salary range for the Oil Products Analyst position at Energy Aspects Ltd?
job-01092,Where is the Oil Products Analyst position located?
job-01093,What is the salary range for the Business Analyst position at Lorven Technologies Inc?
job-01093,What industry does Lorven Technologies Inc operate in?
job-01094,What is the salary range for the Business Analyst IV position?
job-01094,What are the required qualifications and experience for the role?
job-01095,What is the salary range for the Senior Business Analyst ERP-D position at Nabors Corporate Services Inc?
job-01095,What are the primary responsibilities of the Senior Business Analyst ERP-D related to ERP systems?
job-01096,What is the salary estimate range for the Right Angle Business Analyst position?
job-01096,Where is the location of the Right Angle Business Analyst position?
job-01097,What is the salary range for the Business Intelligence Analyst position at GoExpedi?
job-01097,What qualifications are required for the Business Intelligence Analyst role?
job-01098,What is the salary range for the Business Analyst V position at Kforce?
job-01098,What methodologies are ideal to utilize in the Business Analyst V role?
job-01099,What is the salary estimate for the Data Analyst position at Andiamo?
job-01099,What are the basic qualifications required for the Data Analyst role?
job-01100,What is the salary range for the Commercial Gas & Power Application Support Business Analyst position?
job-01100,What are the basic qualifications required for this role at Competentia?
job-01101,What is the salary range for the IT Business Analyst position?
job-01101,What are the responsibilities of the IT Business Analyst at The Premier Resources Group?
job-01102,What is the salary range for the MS Dynamics CRM Business Analyst position?
job-01102,What qualifications are required for the MS Dynamics CRM Business Analyst role?
job-01103,What is the salary range for the Business Analyst position at Chaucer?
job-01103,What type of experience is preferred for candidates applying for this role?
job-01104,What is the salary range for the Data Analyst position at Horne LLP?
job-01104,What are the primary responsibilities of the Data Analyst role at Horne LLP?
job-01105,What is the salary range for the Business Analyst position at Ernst & Young LLP?
job-01105,What are the minimum educational and experience requirements for this role?
job-01106,"What is the salary range for the Business Analyst - Entry Level position at Staffigo Technical Services, LLC?"
job-01106,What are the minimum educational requirements for the Business Analyst - Entry Level position?
job-01107,What is the salary estimate for the Business Analyst position at Sacrum Technologies?
job-01107,In which location is the Business Analyst role at Sacrum Technologies based?
job-01108,What is the salary range for the Change Management Analyst position?
job-01108,What qualifications are required for the Change Management Analyst role?
job-01109,What is the salary range for the Integration Analyst position?
job-01109,What qualifications are required for the Integration Analyst role?
job-01110,What are the key qualifications required for the Sr. Business Analyst position at Projé?
job-01110,Is the Sr. Business Analyst position at Projé a remote role?
job-01111,What is the salary range for the IT Business Analyst position at Altus ACE?
job-01111,What are the essential duties and responsibilities of the IT Business Analyst role?
job-01112,What is the salary range for the Supply Chain Analyst II position at Competentia?
job-01112,"What are the main responsibilities of the Supply Chain Analyst II role in Houston, TX?"
job-01113,What is the salary estimate range for the Business Analyst Level-1 position?
job-01113,What skills are required for the Business Analyst role?
job-01114,What is the salary range for the Senior Business Analyst position at Covetrus?
job-01114,What qualifications are required for the Senior Business Analyst role at Covetrus?
job-01115,"What is the salary range for the Business Systems Analyst, Lead position at BBVA?"
job-01115,"What qualifications are required for the Business Systems Analyst, Lead position?"
job-01116,What is the salary range for the Sr. SaaS Business Analyst position?
job-01116,What are the required skills and qualifications for this role?
job-01117,What is the salary estimate for the Business Analyst position at Corporate G. LLC?
job-01117,Where is Corporate G. LLC located?
job-01118,What is the salary range for the Lead Specialist - IT Technical Business Analyst position?
job-01118,What are the primary responsibilities of the IT Technical Business Analyst in the Lone Star NGL commercial business area?
job-01119,What are the primary responsibilities of an Associate Consultant at HCL Technologies?
job-01119,What is the salary range for the Associate Consultant position?
job-01120,What is the salary range for the Business Analyst position?
job-01120,Where is the location of the Business Analyst position?
job-01121,What is the salary range for the Data Analyst position at cPanel?
job-01121,What qualifications are required for the Data Analyst role?
job-01122,What is the required experience for the business analyst position?
job-01122,What is the salary range for the business analyst role?
job-01123,What is the salary range for the Business Analyst III position?
job-01123,What type of experience is preferred for candidates applying for this role?
job-01124,What is the salary range for the System Analyst I position?
job-01124,What qualifications are preferred for applicants applying for the System Analyst I position?
job-01125,What is the salary range for the Business Analyst Trainee position?
job-01125,Where is the position located?
job-01126,What is the salary range for the Supervisory Management Analyst position at NASA?
job-01126,What responsibilities are involved in directing audits and evaluations at NASA?
job-01127,What is the salary range for the Senior Business Analyst position at Houston Community College?
job-01127,What qualifications are required for the Senior Business Analyst role?
job-01128,What is the salary range for the Business Intelligence Analyst position at EAG Services?
job-01128,What are the key responsibilities of a Business Intelligence Analyst at EAG Services?
job-01129,What is the salary range for the Identity Business Analyst position?
job-01129,What qualifications are required for the Identity Business Analyst role?
job-01130,What is the salary range for the Business Analyst IV position?
job-01130,What are the required qualifications for the Business Analyst IV position?
job-01131,What is the salary range for the Business Analyst position at AstuteOne?
job-01131,What types of technical knowledge are required for this Business Analyst role?
job-01132,What is the salary range for the Data Analyst position at H-GAC?
job-01132,What qualifications are required for the Data Analyst role at H-GAC?
job-01133,What is the salary range for the Legal Business Systems Analyst position?
job-01133,What are the main responsibilities of the Business Systems Analyst as described in the job listing?
job-01134,What is the salary range for the Business Analyst position at Radiology Partners?
job-01134,What responsibilities will the Business Analyst on the IT Data Warehouse team have?
job-01135,What is the salary range for the Project Analyst position?
job-01135,What qualifications are required for the Project Analyst role?
job-01136,What are the primary responsibilities of the IT Analyst position at Search Services?
job-01136,What is the salary range for the IT Analyst role?
job-01137,What is the salary range for the Business Analyst/Project Manager position at Collabera?
job-01137,What are the key responsibilities of the Business Analyst/Project Manager role in Houston?
job-01138,What is the salary range for the Product Analyst position at Reynolds and Reynolds?
job-01138,What are some of the key responsibilities of a Product Analyst in this role?
job-01139,What is the salary range for the Sr Business Analyst position?
job-01139,Where is the location of the organization for this job?
job-01140,What is the estimated salary range for the Entry Level Accenture Infrastructure Advisory Analyst position?
job-01140,In which city is the job location for the Entry Level Accenture Infrastructure Advisory Analyst role?
job-01141,What is the salary estimate for the PeopleSoft Business Analyst Senior position?
job-01141,Where is the location of the job for the PeopleSoft Business Analyst Senior?
job-01142,What is the salary range for the Principal Business Analyst - PLM position?
job-01142,What specific experience is required for the Principal Business Analyst - PLM role?
job-01143,What is the salary estimate for the Business Analyst III position at Ignite?
job-01143,What educational background is required for the Business Analyst III role?
job-01144,What is the salary range for the Business Analyst position with InvenTech Info?
job-01144,Where is the work location for the Business Analyst position?
job-01145,What is the salary range for the Business System Analyst position?
job-01145,What are the preferred qualifications for candidates applying to this role?
job-01146,What is the salary range for the Business Analyst Data Governance position at Arthur Lawrence?
job-01146,What are the required years of experience for the Business Analyst Data Governance role?
job-01147,What is the salary range for the Business Analyst position at Cognizant Technology Solutions?
job-01147,What specific technical skills are required for the Business Analyst role?
job-01148,What is the salary range for the Performance Data Analyst position?
job-01148,What type of company is Randstad and what industry does it operate in?
job-01149,What is the salary range for the Data Analyst position at Houston Exponential?
job-01149,What are the main tasks and responsibilities of the Data Analyst role?
job-01150,What is the salary estimate for the Business Analyst IV position at Ignite?
job-01150,What are the educational and experience requirements for the Business Analyst IV role?
job-01151,What is the salary range for the Microsoft Dynamics CRM Data Analyst position at IBM?
job-01151,In which city is the Microsoft Dynamics CRM Data Analyst position located?
job-01152,What is the salary range for the Enterprise ERP Business Analyst position at Harris County?
job-01152,What are the primary responsibilities of the ERP Business Analyst role?
job-01153,What is the salary estimate for the System Analyst I position at Kelsey-Seybold?
job-01153,Where is the location of the Systems Analyst I position?
job-01154,What is the salary range for the Lead Business Intelligence Analyst position?
job-01154,What qualifications are required for the Lead Business Intelligence Analyst role?
job-01155,What is the salary range for the Entry level - Business Analyst position?
job-01155,What are the qualifications preferred for this job position?
job-01156,What is the salary range for the Teamcenter Business Analyst Lead position at PROLIM Global Corporation?
job-01156,What specific software and technologies are required for the Teamcenter Business Analyst Lead role?
job-01157,What is the salary range for the Business Analyst position at Eurest Services?
job-01157,What educational qualifications are required for the Business Analyst position?
job-01158,What is the salary range for the Business Analyst P&C position?
job-01158,What type of environment is InvenTech Info looking for applicants to thrive in?
job-01159,What is the salary range for the Change Management Analyst position at iSphere?
job-01159,What are the primary responsibilities of the Change Management Analyst in relation to the Hydraulic Model Project?
job-01160,What is the salary range for the Business Analyst-Entry level position?
job-01160,What are the primary responsibilities of the Business Analyst-Entry level role?
job-01161,What is the salary range for the Business Analyst (IAM) position at Themesoft Inc?
job-01161,What qualifications are required for the Business Analyst (IAM) role?
job-01162,What is the salary range for the Business Product Analyst position at Virtus Partners LLC?
job-01162,What are the primary responsibilities of the Business Product Analyst role?
job-01163,What is the salary estimate for the Business Analyst (Chatbot) position?
job-01163,What qualifications are required for the Business Analyst position?
job-01164,What is the salary range for the Data Analyst position at Maine Pointe?
job-01164,Are candidates required to have a specific type of authorization to work in the United States for this job?
job-01165,What is the salary range for the Business Analyst IV position?
job-01165,What is the location of the Business Analyst IV job?
job-01166,"What is the salary range for the Jr Business Analyst position at Staffigo Technical Services, LLC?"
job-01166,What qualifications are required for the Jr Business Analyst role?
job-01167,"What are the primary responsibilities of the Business Analyst, Product Owner position?"
job-01167,"What is the salary range for the Business Analyst, Product Owner role at Cybersoft Technologies?"
job-01168,"What is the salary range for the Compensation & HR Data Analyst position at Avetta, LLC?"
job-01168,What are the minimum qualifications required for this role?
job-01169,What are the basic qualifications required for the Senior Consultant - Salesforce position at Guidehouse?
job-01169,What is the salary range for the Senior Consultant - Salesforce role at Navigant Consulting?
job-01170,"What is the salary range for the Business Analyst position at Resource Logistics, Inc.?"
job-01170,Where is the Business Analyst position located?
job-01171,What is the salary estimate for the Procurement Process Analyst position at EDP Renovaveis?
job-01171,What are the minimum qualifications required for the Procurement Process Analyst role?
job-01172,What is the salary range for the Loan Review Analyst position?
job-01172,Where is the Loan Review Analyst III position located?
job-01173,What are the basic qualifications required for the Senior Consultant - Salesforce position at Guidehouse?
job-01173,What is the salary estimate for the Senior Consultant - Salesforce position at Guidehouse?
job-01174,What is the salary range for the Business Analyst Trainee position?
job-01174,What are the primary responsibilities of the Business Analyst Trainee?
job-01175,What is the salary range for the Data Analyst position at Genesys Talent?
job-01175,What qualifications are required for the Data Analyst role?
job-01176,What is the salary range for the Salesforce Administrator / Business Analyst position?
job-01176,In which city is the Salesforce Administrator / Business Analyst position located?
job-01177,What is the salary range for the Clinical Pharmacist Business Analyst position at Kelsey-Seybold?
job-01177,What type of experience is required for the Clinical Pharmacist Business Analyst role?
job-01178,What is the salary estimate for the HCC Data Analyst position?
job-01178,What are the primary responsibilities of the HCC Data Analyst at Kelsey Seybold Clinic?
job-01179,What qualifications are required for the Senior Business Intelligence & Reporting Analyst position?
job-01179,What is the salary range for this position at Preventice Solutions?
job-01180,"What is the salary range for the Business Analyst position at Conn's, Inc.?"
job-01180,"What qualifications are required for the Business Analyst, Loan Ops Control position?"
job-01181,What educational qualifications are required for the Product Analyst position at Riverway Business Services?
job-01181,What is the salary range for the Product Analyst role?
job-01182,What is the salary range for the Business Resiliency Analyst position?
job-01182,Where is the Business Resiliency Analyst role located?
job-01183,What is the salary range for the Rightangle Business Analyst position at enableIT LLC?
job-01183,In which location is the Rightangle Business Analyst position based?
job-01184,What is the salary estimate for the Salesforce Business Analyst / Salesforce Administrator position?
job-01184,What is the minimum experience required for this position in terms of Business Applications Analyst experience?
job-01185,What is the salary range for the Data Quality Analyst position at Crown Castle?
job-01185,What qualifications or experience are required for the Data Quality Analyst role?
job-01186,What is the salary range for the Junior Business Analyst position?
job-01186,What are the main responsibilities of the Business Analyst in this role?
job-01187,What is the salary range for the Senior Technical Consultant position at Acuity Cloud Solutions?
job-01187,"What are the key responsibilities of the Senior Technical Consultant, Oracle HCM Cloud Services?"
job-01188,What qualifications are required to apply for the Relocation Analyst position at GBS Group?
job-01188,What is the salary range for the Relocation Analyst role at GBS Group?
job-01189,What is the salary range for the Senior Risk Analyst position at Frontline Source Group?
job-01189,What level of experience is required for the Senior Risk Analyst role in terms of years and industry?
job-01190,What is the salary range for the Epic Business Analyst III position at Harris Health System?
job-01190,What minimum qualifications are required for the Epic Business Analyst III role?
job-01191,What is the salary estimate range for the SAP Business Analyst position at 3degrees?
job-01191,What qualifications are required for candidates applying for the SAP Business Analyst role?
job-01192,What is the salary range for the Epic Business Analyst II position?
job-01192,What minimum qualifications are required for the Epic Business Analyst II role?
job-01193,What is the salary range for the Business Analyst position at APN Software Services Inc.?
job-01193,What are the key responsibilities associated with the Business Analyst – Application Monitoring role?
job-01194,What are the primary responsibilities of the ERP Systems Analyst at GoExpedi?
job-01194,What is the salary range for the ERP Systems Analyst position?
job-01195,What is the salary range for the Managed Technology Services Analyst position?
job-01195,What qualifications are required for the Managed Technology Services Analyst role?
job-01196,What is the salary range for the Change Management Analyst position?
job-01196,What type of experience is required for the Change Management Analyst role?
job-01197,What is the salary range for the Business Consultant position?
job-01197,What responsibilities will the Business Consultant have in terms of sales?
job-01198,What is the salary estimate for the Business Systems and Operations Analyst position?
job-01198,What type of experience is preferred for candidates applying for this role?
job-01199,What is the salary estimate for the Business Analyst (Data Integration/Salesforce) position?
job-01199,"Is the Business Analyst role remote or located in Houston, TX?"
job-01200,What is the salary estimate for the Business Analyst: Billing position?
job-01200,What type of degree is required for this position?
job-01201,What are the minimum qualifications required for the BUSINESS ANALYST position?
job-01201,What is the salary estimate for the BUSINESS ANALYST role at Pyramid Consulting?
job-01202,What is the salary range for the Financial Analyst position?
job-01202,What qualifications are required for the Financial Analyst role?
job-01203,What is the salary estimate for the Manager of Business Analysis position at Beyond Finance?
job-01203,What specific skills and experience are required for the Manager of Business Analysis role?
job-01204,"What are the primary responsibilities of the Data Analyst role at Staffigo Technical Services, LLC?"
job-01204,What is the salary estimate for the Data Analyst position?
job-01205,What is the salary range for the Product Analyst position?
job-01205,What are the primary responsibilities of the Product Analyst?
job-01206,What is the salary range for the Business Analyst position at APN Software Services Inc.?
job-01206,Where is the location of the Business Analyst – Application Monitoring position?
job-01207,What is the salary range for the Principal Strategic Business Analyst position?
job-01207,What are the primary responsibilities of the Principal Strategic Business Analyst?
job-01208,What is the salary range for the Principal Project Management Consultant position at EPMA?
job-01208,What kind of professional experience is required for this role in terms of years and areas?
job-01209,What is the salary range for the Junior Business Analyst position?
job-01209,What type of educational qualifications are preferred for this role?
job-01210,What is the salary range for the Business Analyst II position at Veterans Sourcing Group?
job-01210,"What are the required qualifications for the Business Analyst II role, specifically in regards to education and experience?"
job-01211,What is the salary range for the Business Analyst position at Compass Group USA?
job-01211,What are the necessary qualifications for the Business Analyst role?
job-01212,What is the salary estimate for the Terminal Technology Analyst position at Flexforce?
job-01212,What type of experience is required for the Terminal Technology Analyst role?
job-01213,What is the salary range for the Digital Marketing Analyst position at Vitamin T?
job-01213,What are the key responsibilities of the Digital Marketing Analyst role?
job-01214,What is the salary range for the Data Analyst position at Clearwing Consulting?
job-01214,What are the primary responsibilities of the Data Analyst role?
job-01215,"What is the salary range for the SailPoint Business Analyst position at Regatta Solutions Group, Inc?"
job-01215,What are the primary responsibilities of the SailPoint Business Analyst as described in the job listing?
job-01216,What is the salary range for the Analyst (Intermediate) position at eTeam Inc.?
job-01216,What are some core responsibilities of the Analyst (Intermediate) role?
job-01217,What are the essential duties and responsibilities of the Business Analyst position at Compass Group?
job-01217,"What is the salary range for the Business Analyst position in Houston, TX?"
job-01218,What is the salary range for the Senior Business Analyst ERP position at Nabors?
job-01218,What qualifications are required for the Senior Business Analyst ERP role?
job-01219,What is the salary range for the Sr. IT Professional - Business Analysis (PMO) position?
job-01219,What are the minimum education requirements for the Sr. IT Professional position?
job-01220,What is the salary range for the SAP Business Analyst position?
job-01220,Where is the SAP Business Analyst position located?
job-01221,What is the salary estimate for the Digital Marketing Analyst II position?
job-01221,What are the minimum requirements for applying to this position?
job-01222,What is the salary range for the Business System Analyst-SaaS position?
job-01222,What qualifications are required for the Business System Analyst-SaaS role?
job-01223,What are the required qualifications for the Systems Analyst position at Foxconn Assembly?
job-01223,What is the salary range offered for the Systems Analyst role?
job-01224,What is the salary range for the Lead Analyst-Planning & Analysis position at LyondellBasell?
job-01224,What are the minimum qualifications required for this role?
job-01225,What is the salary estimate for the Cost Data Analyst position?
job-01225,What are the primary responsibilities of the Cost Data Analyst?
job-01226,What is the salary range for the Financial Modeling Analyst position at ForeFlight?
job-01226,What qualifications are required for the Financial Modeling Analyst position?
job-01227,What is the salary range for the SAP Business Objects Analyst position?
job-01227,What are the key technical skills required for this role?
job-01228,What is the salary estimate for the Systems Analyst position at Gulf States Toyota?
job-01228,What are the primary responsibilities of the Systems Analyst in relation to business processes?
job-01229,What is the salary estimate for the Commercial Strategy Analyst position at Golden Pass LNG?
job-01229,What educational background is required for the Commercial Strategy Analyst role?
job-01230,What is the salary range for the Applications Support Analyst position at JPMorgan Chase?
job-01230,What educational qualifications are required for the Applications Support Analyst role?
job-01231,What qualifications are required for the Loan Review Analyst III position at Prosperity Bank?
job-01231,"What is the salary estimate range for the Loan Review Analyst I, II, III positions?"
job-01232,What is the salary range for the PNL Analyst position?
job-01232,What are the main responsibilities associated with the PNL Analyst role?
job-01233,What is the salary estimate for the position of Consultative Sales- Small Business Consulting?
job-01233,What qualifications are preferred for this Senior Business Analyst position at Global Resources?
job-01234,What is the required minimum experience for the Data Analyst II position?
job-01234,What is the salary estimate range for the Data Analyst II role at Virtus Partners?
job-01235,What is the estimated salary range for the Implementation Analyst position?
job-01235,"Is the Implementation Analyst position based in Houston, TX, and what are the travel requirements?"
job-01236,What are the primary responsibilities of the Product Analyst role at GradTests?
job-01236,What is the salary range for the Product Analyst position?
job-01237,What is the salary estimate for the Systems Analyst position at H-GAC?
job-01237,What are the primary responsibilities of the Systems Analyst in the IT Operations team?
job-01238,What is the salary range for the Financial Analyst position?
job-01238,What are the primary responsibilities of the Financial Analyst for the Americas?
job-01239,What are the key responsibilities of the Director of Business Analysis at Beyond Finance?
job-01239,What is the salary estimate range for the Director of Business Analysis position?
job-01240,What is the salary range for the Revenue Assurance Analyst II position at Spark Energy?
job-01240,What qualifications are required for the Revenue Assurance Analyst II role?
job-01241,What is the salary range for the Global Asset Analyst I position at FIS?
job-01241,In which city is the Global Asset Analyst I position located?
job-01242,What is the salary range for the Vibration Analyst position?
job-01242,"What are the primary responsibilities of the Vibration Analyst at Applied Technical Services, Inc.?"
job-01243,What is the salary range for the Lead Financial Analyst position?
job-01243,What type of experience is required for the Lead Financial Analyst role?
job-01244,What is the salary range for the Client Operations Analyst position?
job-01244,Where is the company headquarters located?
job-01245,What is the salary estimate for the Operations Manager position at DeWolff Boberg & Associates?
job-01245,What degree is required for the Operations Manager position?
job-01246,What is the salary range for the Senior Consultant position?
job-01246,Where is the Senior Consultant position located?
job-01247,What is the salary estimate for the Services & Materials Analyst position at EDP Renewables?
job-01247,What are the primary responsibilities of the Services & Materials Analyst?
job-01248,What is the salary range for the Data Quality Analyst position at InvenTech Info?
job-01248,In which city is the Data Quality Analyst position located?
job-01249,What is the salary range for the Environmental Data Analyst position at ICF?
job-01249,What qualifications are required for the Environmental Data Analyst role?
job-01250,What is the salary range for the Business Consultant position at XMI?
job-01250,What primary responsibilities will I have as a Business Consultant at XMI?
job-01251,What is the salary range for the Supply Chain Analyst position at Valiant Commodities LLC?
job-01251,What types of responsibilities will the Supply Chain Analyst have in this role?
job-01252,What is the salary range for the Intelligence Analyst position at Prescient Edge?
job-01252,What are the minimum qualifications required for the Intelligence Analyst role?
job-01253,What is the salary estimate for the Data Analyst position at GeoDigital?
job-01253,What type of degree is required for the Data Analyst role?
job-01254,What is the salary range for the AIG Retirement Services Plan Administration Analyst I position?
job-01254,What qualifications are required for this role at AIG?
job-01255,What is the salary range for the Application Support Analyst position?
job-01255,What are the minimum qualifications required for this role?
job-01256,What is the salary estimate for the Systems Analyst position at AstuteOne?
job-01256,What are the primary responsibilities of the Systems Analyst role?
job-01257,What is the salary range for the Systems Analyst position?
job-01257,What are the main responsibilities of the Systems Analyst in the IT Operations team?
job-01258,What is the salary range for the Compensation Analyst position at Verisk Analytics?
job-01258,What are the primary responsibilities of a Compensation Analyst at Verisk?
job-01259,What is the salary range for the Support Analyst position at Alert Logic?
job-01259,In which location(s) does Alert Logic offer Support Analyst positions?
job-01260,What is the salary range for the Data Management Analyst position?
job-01260,What qualifications are required for applying to the Data Management Analyst role?
job-01261,What is the salary estimate for the OTC Analyst position at Halliburton?
job-01261,What responsibilities does the Lead OTC Analyst have related to training and mentoring?
job-01262,What is the salary range for the Aircraft Data Analyst position at ForeFlight?
job-01262,What type of experience and education is required for this role?
job-01263,What is the salary estimate for the Gls Analyst position at ARM Energy?
job-01263,What are the required qualifications and experience for the Gls Analyst role?
job-01264,What is the salary estimate for the Territory Business Manager I position at LEO Pharma?
job-01264,What are the primary responsibilities of a Territory Business Manager at LEO Pharma?
job-01265,What is the salary estimate for the Senior MDI Analyst position at Houston Methodist?
job-01265,What are the primary responsibilities of the Senior MDI Analyst as described in the job listing?
job-01266,What are the primary responsibilities of the Commercial Analyst-Refinery Linear Program position?
job-01266,What is the salary range for the Commercial Analyst-Refinery Linear Program position?
job-01267,What is the salary estimate for the Collections Accountant/Dispute Resolution Analyst position?
job-01267,What are the essential responsibilities of the Collections Accountant/Dispute Resolution Analyst role?
job-01268,What is the salary estimate for the Project Manager/Business Consultant position?
job-01268,In which location is the Project Manager/Business Consultant position based?
job-01269,What is the salary range for the Part Time Invoice Reconciliation Analyst position at Meriplex Communications?
job-01269,What qualifications and experience are required for the Part Time Invoice Reconciliation Analyst role?
job-01270,What is the salary estimate for the Lead Quality Data Analyst position?
job-01270,What educational qualifications are required for this role?
job-01271,What is the salary estimate for the Offshore Commercial Contracts Analyst III position?
job-01271,What kind of experience is required for this role at Enbridge?
job-01272,What is the salary range for the MDM Data Analyst position?
job-01272,What qualifications are required for the MDM Data Analyst role at Arthur Lawrence?
job-01273,What is the salary estimate for the Business Consultant VI position?
job-01273,Where is the location for the Business Consultant VI job?
